,tracking_start,tracking_end,quality,regularity,day_steps,alarm,air_pressure,movements_per_hr,time_total,time_asleep,time_presleep
0,2019-12-27 02:13:39,2019-12-27 10:07:15,0.81,0.0,668,Normal,101.1,70.5,28415.8,23964.0,189.4
1,2019-12-28 01:44:34,2019-12-28 10:24:47,1.0,0.0,578,Normal,101.7,62.8,31212.3,24241.6,1040.4
2,2019-12-29 01:55:44,2019-12-29 10:05:28,0.72,0.96,701,No alarm,101.2,77.4,29383.7,22233.7,195.9
3,2019-12-30 02:28:36,2019-12-30 12:09:22,0.75,0.87,1621,No alarm,101.6,96.5,34846.5,28458.0,232.3
4,2019-12-31 02:15:57,2019-12-31 10:18:39,0.69,0.86,732,No alarm,101.6,105.5,28962.1,22880.0,193.1
5,2020-01-01 01:44:29,2020-01-01 09:22:04,0.65,0.83,569,Normal,99.7,114.9,27454.2,23793.6,183.0
6,2020-01-02 02:27:44,2020-01-02 09:16:32,0.79,0.88,709,Normal,101.0,63.2,24527.7,18068.8,3270.4
7,2020-01-03 01:43:13,2020-01-03 09:30:21,0.75,0.91,362,Normal,100.7,96.0,28028.2,23450.2,4577.9
8,2020-01-04 01:49:03,2020-01-04 09:06:34,0.84,0.94,939,Normal,100.2,63.6,26251.2,20038.4,1225.1
9,2020-01-05 01:56:04,2020-01-05 09:27:12,0.76,0.95,613,Normal,102.0,87.1,27067.5,22826.9,1263.1
10,2020-01-06 00:53:17,2020-01-06 10:12:12,0.86,0.92,1044,Normal,102.1,95.0,33534.3,27721.6,223.6
11,2020-01-07 02:42:35,2020-01-07 10:12:15,0.8,0.89,2583,Normal,101.0,78.1,26979.4,24011.7,179.9
12,2020-01-08 02:48:00,2020-01-08 09:51:29,0.81,0.89,2938,Normal,99.9,66.9,25408.9,22444.5,169.4
13,2020-01-09 02:14:18,2020-01-09 09:51:28,0.85,0.92,1131,Normal,100.8,69.8,27430.0,22675.4,182.9
14,2020-01-10 02:59:03,2020-01-10 09:54:44,0.77,0.95,1796,Normal,101.6,70.2,24940.6,21199.5,166.3
15,2020-01-11 02:32:36,2020-01-11 10:07:11,0.82,0.94,2471,Normal,99.4,73.7,27274.7,23456.2,181.8
16,2020-01-12 02:34:17,2020-01-12 09:51:19,0.84,0.95,573,Normal,100.3,64.3,26222.6,23250.7,174.8
17,2020-01-13 02:43:31,2020-01-13 09:48:41,0.8,0.97,669,Normal,100.0,65.1,25510.3,21003.5,2806.1
18,2020-01-14 02:07:09,2020-01-14 09:44:59,0.86,0.97,756,Normal,100.3,64.9,27470.2,21518.3,183.1
19,2020-01-15 02:03:23,2020-01-15 09:43:25,0.86,0.97,527,Normal,100.8,66.2,27601.5,21989.2,1288.1
20,2020-01-16 01:03:20,2020-01-16 10:07:52,0.79,0.94,1789,Normal,99.0,97.9,32671.7,28642.2,2287.0
21,2020-01-17 02:38:28,2020-01-17 09:20:35,0.78,0.89,2913,Normal,100.5,59.9,24127.0,17130.2,884.7
22,2020-01-18 02:08:14,2020-01-18 09:17:16,0.84,0.88,2627,Normal,101.2,57.0,25742.3,19649.9,171.6
23,2020-01-19 02:57:29,2020-01-19 09:42:14,0.74,0.88,633,Normal,101.8,67.2,24284.9,21694.5,161.9
24,2020-01-20 02:42:09,2020-01-20 09:30:25,0.68,0.94,333,Normal,100.7,80.8,24495.6,23025.8,163.3
25,2020-01-21 01:54:44,2020-01-21 09:42:12,0.79,0.93,250,Normal,99.8,78.1,28048.5,22064.8,1402.4
26,2020-01-22 02:08:04,2020-01-22 09:19:47,0.76,0.94,2995,Normal,100.6,73.6,25902.7,18822.6,172.7
27,2020-01-23 02:08:45,2020-01-23 09:42:19,0.83,0.95,2097,Normal,100.8,67.2,27213.7,21408.1,2721.4
28,2020-01-23 20:42:59,2020-01-23 23:44:28,0.27,0.43,3614,Normal,100.5,92.6,10888.2,6968.4,72.6
29,2020-01-24 02:31:02,2020-01-24 09:27:39,0.5,0.96,3754,Normal,100.4,119.4,24997.1,18747.8,166.6
30,2020-01-25 02:45:04,2020-01-25 09:42:11,0.64,0.96,3349,Normal,100.8,93.0,25027.1,22023.8,166.8
31,2020-01-26 01:09:24,2020-01-26 09:26:31,0.97,0.92,223,Normal,100.3,58.3,29826.9,27142.5,198.8
32,2020-01-27 01:39:15,2020-01-27 09:26:47,0.83,0.92,468,Normal,101.1,73.1,28052.0,21600.0,187.0
33,2020-01-28 01:39:30,2020-01-28 09:12:56,0.84,0.93,250,Normal,100.5,65.8,27206.6,21493.3,2267.2
34,2020-01-29 02:05:48,2020-01-29 09:42:10,0.87,0.95,2520,Normal,101.6,62.2,27382.2,22179.5,182.5
35,2020-01-31 02:15:48,2020-01-31 09:42:14,0.92,0.95,1724,Normal,101.2,47.3,26786.6,23215.1,1696.5
36,2020-02-02 01:31:54,2020-02-02 09:28:09,0.82,0.92,581,Normal,101.8,74.8,28575.9,22098.7,2952.8
37,2020-02-03 01:23:26,2020-02-03 02:02:39,0.08,0.26,411,Normal,101.6,0.0,2352.9,1356.9,15.7
38,2020-02-03 02:03:00,2020-02-03 09:20:38,0.75,0.93,411,Normal,101.6,75.4,26257.1,21793.4,2188.1
39,2020-02-04 01:41:36,2020-02-04 09:24:10,0.91,0.96,2382,Normal,102.4,55.9,27754.1,23128.4,185.0
40,2020-02-05 01:51:56,2020-02-05 09:42:21,0.9,0.96,3825,Normal,101.3,59.2,28224.9,24932.0,188.2
41,2020-02-06 03:00:25,2020-02-06 09:42:11,0.65,0.94,1383,Normal,101.0,82.5,24106.4,19606.6,482.1
42,2020-02-07 02:23:30,2020-02-07 09:26:29,0.78,0.93,4390,Normal,100.9,64.0,25378.7,20303.0,2537.9
43,2020-02-08 02:12:46,2020-02-08 09:15:32,0.87,0.93,3150,Normal,100.0,47.4,25365.1,20968.5,1014.6
44,2020-02-09 02:35:23,2020-02-09 09:19:16,0.82,0.95,429,Normal,102.4,48.4,24233.4,17286.5,1211.7
45,2020-02-10 02:22:11,2020-02-10 09:43:20,0.89,0.96,774,Normal,102.4,48.7,26469.7,22763.9,2117.6
46,2020-02-11 02:31:42,2020-02-11 09:29:54,0.78,0.96,2857,Normal,102.3,60.2,25091.4,20825.9,501.8
47,2020-02-12 02:36:01,2020-02-12 09:28:03,0.77,0.97,3275,Normal,101.8,59.2,24722.4,21920.5,494.4
48,2020-02-13 02:37:46,2020-02-13 09:42:13,0.8,0.98,4266,Normal,101.2,58.1,25466.8,23089.9,509.3
49,2020-02-14 02:10:13,2020-02-14 09:21:28,0.71,0.97,3257,Normal,100.7,78.6,25875.4,23374.1,517.5
50,2020-02-16 01:26:22,2020-02-16 09:12:13,0.91,0.93,279,Normal,101.0,53.2,27950.7,23012.7,4938.0
51,2020-02-17 01:25:57,2020-02-17 09:00:24,0.97,0.95,566,Normal,101.7,36.3,27267.0,23449.7,1181.6
52,2020-02-24 01:39:20,2020-02-24 09:00:39,0.8,0.0,686,Normal,101.9,63.0,26478.3,23300.9,2030.0
53,2020-02-26 01:46:25,2020-02-26 09:00:50,0.93,0.99,4444,Normal,102.4,29.6,26064.9,18766.7,2780.3
54,2020-02-27 01:23:29,2020-02-27 09:00:41,0.98,0.98,2271,Normal,102.6,22.5,27431.9,25694.5,548.6
55,2020-02-28 01:14:25,2020-02-28 09:00:49,0.91,0.98,2443,Normal,101.9,47.7,27984.1,22760.4,1119.4
56,2020-02-29 01:49:10,2020-02-29 09:00:42,0.89,0.97,2791,Normal,100.5,36.0,25892.7,23821.3,1380.9
57,2020-03-01 01:24:01,2020-03-01 08:50:09,0.87,0.96,2282,Normal,101.6,45.0,26767.3,22930.6,713.8
58,2020-03-02 02:14:43,2020-03-02 09:00:44,0.64,0.94,758,Normal,102.1,81.6,24361.3,20057.5,487.2
59,2020-03-03 01:27:48,2020-03-03 08:30:44,0.81,0.92,1758,Normal,101.4,48.2,25375.7,19116.4,1438.0
60,2020-03-04 00:40:46,2020-03-04 09:05:53,0.97,0.9,4685,Normal,101.0,47.9,30307.2,22730.4,1818.4
61,2020-03-05 01:23:36,2020-03-05 09:00:48,0.96,0.9,1866,Normal,101.2,28.7,27431.5,25877.1,1554.5
62,2020-03-06 01:41:11,2020-03-06 09:00:47,0.84,0.93,4489,Normal,100.9,48.2,26376.0,22771.3,967.1
63,2020-03-07 02:01:15,2020-03-07 09:00:32,0.82,0.96,3498,Normal,100.4,43.9,25157.8,23983.8,1174.0
64,2020-03-08 00:42:48,2020-03-08 09:00:46,0.87,0.92,720,Normal,100.8,39.3,26278.0,24613.7,525.6
65,2020-03-09 01:36:04,2020-03-09 09:00:50,0.8,0.9,1288,Normal,101.3,58.2,26686.0,20370.3,1156.4
66,2020-03-10 01:46:38,2020-03-10 09:00:46,0.84,0.87,3379,Normal,101.8,43.5,26048.3,20925.4,1041.9
67,2020-03-11 01:26:29,2020-03-11 09:00:36,0.86,0.93,1428,Normal,101.3,47.6,27246.9,18073.8,1271.5
68,2020-03-12 00:47:10,2020-03-12 08:52:19,0.91,0.94,1248,Normal,101.9,49.2,29109.8,22511.6,4366.5
69,2020-03-13 02:12:46,2020-03-13 09:00:36,0.77,0.93,3808,Normal,101.3,48.6,24469.3,20146.4,489.4
70,2020-03-14 02:17:23,2020-03-14 09:05:44,0.76,0.93,1024,Normal,99.7,50.3,24501.0,21642.5,735.0
71,2020-03-15 01:23:44,2020-03-15 09:01:41,0.92,0.93,1002,Normal,101.2,36.2,27477.1,23905.1,1831.8
72,2020-03-16 01:56:33,2020-03-16 09:00:45,0.8,0.95,1114,Normal,101.5,46.6,25451.6,20531.0,509.0
73,2020-03-17 01:43:48,2020-03-17 09:00:46,0.8,0.95,1184,Normal,101.0,52.2,26217.2,22284.6,1136.1
74,2020-03-18 01:55:39,2020-03-18 09:03:03,0.83,0.97,1037,Normal,100.3,40.2,25644.4,22652.5,512.9
75,2020-03-19 01:46:05,2020-03-19 09:00:52,0.8,0.98,1035,Normal,100.6,51.9,26087.3,23130.7,1304.4
76,2020-03-20 01:26:54,2020-03-20 09:00:27,0.73,0.98,2019,Normal,101.3,73.9,27212.9,23312.4,544.3
77,2020-03-21 01:10:26,2020-03-21 08:57:01,0.92,0.98,1521,Normal,101.8,37.5,27995.4,25662.5,1679.7
78,2020-03-22 00:56:27,2020-03-22 09:00:44,0.93,0.97,766,Normal,101.5,43.7,29056.7,26247.9,581.1
79,2020-03-23 01:55:10,2020-03-23 09:00:43,0.85,0.96,783,Normal,100.4,35.5,25532.5,22383.5,1617.1
80,2020-03-24 01:13:07,2020-03-24 09:00:40,0.88,0.95,658,Normal,100.5,45.1,28054.0,24968.0,561.1
81,2020-03-25 01:31:09,2020-03-25 08:56:06,0.88,0.94,728,Normal,100.7,36.9,26697.0,23226.4,1512.8
82,2020-03-26 01:32:15,2020-03-26 09:05:47,0.84,0.97,812,Normal,101.1,48.5,27212.5,23130.6,1360.6
83,2020-03-27 01:38:23,2020-03-27 09:01:09,0.85,0.98,1640,Normal,101.0,40.7,26565.9,24352.1,531.3
84,2020-03-28 01:02:09,2020-03-28 09:00:34,0.75,0.97,503,Normal,101.0,75.5,28705.6,23060.2,574.1
85,2020-03-29 02:10:26,2020-03-29 09:00:46,0.79,0.95,453,Normal,100.4,39.9,24620.5,22732.9,492.4
86,2020-03-30 01:42:14,2020-03-30 09:02:19,0.87,0.94,597,Normal,100.1,36.5,26405.6,23501.0,1320.3
87,2020-03-31 00:42:24,2020-03-31 08:53:22,0.88,0.92,502,Normal,100.6,53.1,29458.4,23664.9,1472.9
88,2020-04-01 01:20:44,2020-04-01 09:01:06,0.89,0.93,562,Normal,101.0,40.4,27621.8,23294.3,1841.5
89,2020-04-02 00:26:54,2020-04-02 09:00:40,0.96,0.92,636,Normal,101.3,45.1,30826.7,26099.9,2568.9
90,2020-04-03 01:36:47,2020-04-03 09:00:59,0.75,0.92,531,Normal,101.4,62.9,26651.7,23364.7,533.0
91,2020-04-04 01:22:52,2020-04-04 09:00:46,0.81,0.94,983,Normal,100.8,54.7,27473.9,26924.4,549.5
92,2020-04-05 01:10:10,2020-04-05 08:21:33,0.82,0.94,550,Normal,99.6,43.6,25882.7,21741.5,1121.6
93,2020-04-06 01:38:30,2020-04-06 09:01:22,0.85,0.94,265,Normal,99.9,40.6,26572.4,24269.4,531.4
94,2020-04-07 01:21:41,2020-04-07 09:00:39,0.87,0.94,885,Normal,101.0,42.5,27538.3,23774.8,1560.5
95,2020-04-08 01:27:54,2020-04-08 08:39:54,0.86,0.95,936,Normal,101.8,32.4,25920.6,20822.9,1555.2
96,2020-04-09 01:16:41,2020-04-09 09:00:52,0.89,0.96,948,Normal,101.6,40.5,27851.0,26272.8,1578.2
97,2020-04-10 02:08:55,2020-04-10 09:00:50,0.81,0.95,868,Normal,101.1,34.0,24715.2,24220.9,494.3
98,2020-04-11 01:40:22,2020-04-11 09:00:40,0.85,0.95,795,Normal,101.0,38.9,26418.8,25274.0,1144.8
99,2020-04-12 00:26:53,2020-04-12 09:03:11,0.99,0.93,1478,Normal,101.6,39.2,30978.9,28294.0,619.6
100,2020-04-13 01:38:07,2020-04-13 08:56:28,0.85,0.92,353,Normal,101.8,35.8,26301.1,24284.6,1052.0
101,2020-04-14 01:24:52,2020-04-14 08:48:16,0.77,0.92,918,Normal,102.1,56.3,26604.3,22524.9,532.1
102,2020-04-15 01:11:22,2020-04-15 09:05:50,0.82,0.94,538,Normal,101.7,57.3,28467.3,22394.2,2182.5
103,2020-04-16 02:54:41,2020-04-16 09:00:44,0.68,0.93,641,Normal,101.6,45.1,21962.6,19619.9,439.3
104,2020-04-17 01:43:46,2020-04-17 09:00:43,0.82,0.9,1007,Normal,101.2,43.8,26216.2,24118.9,2097.3
105,2020-04-18 01:18:23,2020-04-18 09:00:40,0.84,0.91,298,Normal,100.2,49.1,27736.9,23206.5,554.7
106,2020-04-19 01:36:31,2020-04-19 08:54:17,0.71,0.94,426,Normal,101.0,66.1,26266.3,22151.2,525.3
107,2020-04-20 01:51:14,2020-04-20 09:00:34,0.74,0.97,837,Normal,101.1,56.5,25759.8,21638.2,515.2
108,2020-04-21 01:53:03,2020-04-21 09:01:25,0.8,0.98,740,Normal,101.3,43.3,25702.2,23988.7,1713.5
109,2020-04-22 01:43:11,2020-04-22 09:00:34,0.79,0.98,570,Normal,101.8,49.9,26243.6,23094.4,524.9
110,2020-04-23 01:08:22,2020-04-23 09:00:34,0.89,0.98,913,Normal,101.1,41.6,28332.7,20399.6,944.4
111,2020-04-24 01:23:13,2020-04-24 09:01:05,0.85,0.97,645,Normal,101.8,44.1,27472.3,24816.6,2014.6
112,2020-04-25 01:14:40,2020-04-25 09:01:44,0.84,0.97,928,Normal,101.3,49.4,28024.2,20737.9,1588.0
113,2020-04-26 02:06:39,2020-04-26 09:00:34,0.74,0.96,686,Normal,101.3,51.7,24835.8,23097.3,1241.8
114,2020-04-27 01:33:41,2020-04-27 09:00:44,0.83,0.96,668,Normal,100.7,44.9,26822.3,22977.8,1162.3
115,2020-04-28 01:23:59,2020-04-28 09:23:48,1.0,0.94,852,Normal,101.6,0.0,28788.5,28212.8,575.8
116,2020-04-29 01:32:50,2020-04-29 09:00:27,0.83,0.95,720,Normal,101.5,44.3,26857.2,22739.1,1342.9
117,2020-04-30 01:03:31,2020-04-30 08:41:49,0.79,0.95,708,Normal,100.8,56.3,27498.0,21448.4,1649.9
118,2020-05-01 01:51:57,2020-05-01 08:54:02,0.75,0.93,836,Normal,101.4,52.3,25324.8,22792.3,1772.7
119,2020-05-02 01:31:24,2020-05-02 08:50:38,0.81,0.94,503,Normal,100.8,46.4,26353.8,23103.5,3250.3
120,2020-05-03 01:13:57,2020-05-03 08:50:52,0.9,0.95,544,Normal,100.9,34.7,27414.9,24399.2,3015.6
121,2020-05-04 01:02:04,2020-05-04 08:50:54,0.82,0.98,200,Normal,101.8,53.3,28130.0,24660.6,1406.5
122,2020-05-05 00:44:41,2020-05-05 08:50:36,0.85,0.98,414,Normal,101.5,53.2,29155.2,21283.3,1749.3
123,2020-05-06 01:04:55,2020-05-06 08:50:33,0.8,0.98,873,Normal,101.0,57.6,27938.2,25330.6,558.8
124,2020-05-07 01:38:40,2020-05-07 08:50:44,0.69,0.97,380,Normal,102.5,68.4,25923.4,20133.8,518.5
125,2020-05-08 01:31:13,2020-05-08 08:50:58,0.81,0.97,834,Normal,101.7,46.0,26384.7,22602.9,1231.3
126,2020-05-09 02:06:14,2020-05-09 08:50:57,0.78,0.96,353,Normal,101.1,37.2,24282.9,22906.9,1376.0
127,2020-05-10 01:30:10,2020-05-10 08:50:48,0.75,0.96,565,Normal,100.5,58.2,26438.4,21943.8,1586.3
128,2020-05-11 01:49:32,2020-05-11 08:50:46,0.73,0.96,1033,Normal,99.9,55.9,25274.2,22157.1,505.5
129,2020-05-12 01:55:32,2020-05-12 08:50:37,0.8,0.97,722,Normal,100.0,38.5,24904.1,22413.7,498.1
130,2020-05-13 01:54:37,2020-05-13 08:50:35,0.79,0.99,776,Normal,100.1,39.7,24957.8,24458.6,499.2
131,2020-05-14 02:16:53,2020-05-14 09:05:34,0.79,0.98,747,Normal,100.6,36.5,24521.4,19371.9,2452.1
132,2020-05-15 01:55:11,2020-05-15 09:10:44,0.84,0.97,934,Normal,101.1,38.0,26132.9,23606.7,1132.4
133,2020-05-16 01:10:06,2020-05-16 08:50:36,0.87,0.94,940,Normal,101.0,41.2,27629.6,25327.1,552.6
134,2020-05-17 01:44:08,2020-05-17 08:52:00,0.83,0.94,362,Normal,99.9,36.8,25672.5,24132.1,941.3
135,2020-05-18 01:50:02,2020-05-18 08:55:51,0.83,0.95,417,Normal,100.0,34.2,25549.5,23590.7,1447.8
136,2020-05-19 01:32:36,2020-05-19 09:05:45,0.88,0.97,2193,Normal,100.5,36.0,27188.9,24923.2,1540.7
137,2020-05-20 01:43:11,2020-05-20 09:05:39,0.87,0.98,693,Normal,101.0,32.6,26548.0,25309.1,1238.9
138,2020-05-21 01:16:07,2020-05-21 09:05:33,0.96,0.97,474,Normal,101.0,24.5,28165.8,26194.1,1971.6
139,2020-05-22 01:39:47,2020-05-22 09:05:32,0.88,0.97,1098,Normal,100.8,32.1,26745.0,24605.4,2139.6
140,2020-05-23 02:02:37,2020-05-23 08:55:36,0.83,0.96,449,Normal,101.5,28.2,24778.9,22796.6,1982.3
141,2020-05-24 01:35:59,2020-05-24 09:00:53,0.89,0.96,899,Normal,101.5,28.6,26693.1,23578.9,2580.3
142,2020-05-26 01:42:34,2020-05-26 08:55:29,0.86,0.97,581,Normal,101.2,28.7,25975.3,24676.6,1298.8
143,2020-05-27 01:31:08,2020-05-27 08:55:31,0.85,0.98,430,Normal,101.4,35.4,26663.1,23285.8,1688.7
144,2020-05-28 01:28:56,2020-05-28 08:55:35,0.85,0.99,536,Normal,101.2,37.8,26798.5,22064.1,1965.2
145,2020-05-29 01:31:55,2020-05-29 08:55:37,0.82,0.99,531,Normal,100.6,41.3,26621.6,24048.2,1419.8
146,2020-05-31 01:23:30,2020-05-31 08:55:32,0.89,0.99,2938,Normal,100.6,30.9,27121.9,26579.5,542.4
147,2020-06-01 01:51:38,2020-06-01 08:55:41,0.89,0.97,461,Normal,101.3,17.6,25442.8,23068.1,2374.7
148,2020-06-02 00:48:13,2020-06-02 08:55:32,0.97,0.94,332,Normal,101.6,28.7,29238.8,25047.9,2534.0
149,2020-06-03 01:57:31,2020-06-03 08:57:26,0.85,0.92,455,Normal,101.6,25.7,25194.8,21667.5,2855.4
150,2020-06-04 01:43:11,2020-06-04 08:55:42,0.85,0.93,643,Normal,101.3,29.0,25951.1,24653.5,1297.6
151,2020-06-05 01:34:51,2020-06-05 08:55:34,0.88,0.96,304,Normal,100.6,27.0,26442.9,23534.2,1762.9
152,2020-06-06 01:33:37,2020-06-06 09:55:29,1.0,0.96,1034,Normal,100.0,23.9,30112.0,27703.0,2409.0
153,2020-06-07 01:39:48,2020-06-07 08:55:36,0.86,0.94,2276,Normal,100.4,28.0,26147.5,24055.7,2091.8
154,2020-06-08 01:23:36,2020-06-08 08:55:35,0.88,0.93,635,Normal,101.2,29.7,27119.4,24769.0,2350.3
155,2020-06-09 02:16:26,2020-06-09 08:51:23,0.79,0.94,1254,Normal,101.4,24.7,23697.4,21880.6,1816.8
156,2020-06-10 02:19:41,2020-06-10 08:58:38,0.78,0.96,3195,Normal,101.4,30.0,23937.3,22181.9,1755.4
157,2020-06-11 01:36:03,2020-06-11 09:12:46,0.84,0.94,792,Normal,101.1,41.2,27402.9,25210.7,548.1
158,2020-06-12 01:26:14,2020-06-12 08:52:13,0.87,0.95,455,Normal,100.8,30.2,26758.2,23636.4,1783.9
159,2020-06-13 01:14:57,2020-06-13 09:39:27,1.0,0.93,2104,Normal,100.9,0.0,30270.4,29665.0,605.4
160,2020-06-14 01:59:52,2020-06-14 08:55:40,0.82,0.92,3624,Normal,100.8,26.6,24947.5,23201.2,1746.3
161,2020-06-16 01:21:56,2020-06-16 08:50:57,0.89,0.91,429,Normal,100.8,25.4,26940.8,25593.8,1347.0
162,2020-06-17 01:13:31,2020-06-17 08:46:54,0.86,0.96,3706,Normal,101.5,34.5,27202.9,26205.4,997.4
163,2020-06-18 01:03:25,2020-06-18 08:49:26,0.87,0.98,1033,Normal,101.8,36.4,27960.6,25071.3,2330.0
164,2020-06-19 00:51:05,2020-06-19 08:47:38,0.91,0.98,4806,Normal,101.1,33.8,28593.1,25638.5,2001.5
165,2020-06-20 01:08:54,2020-06-20 08:46:42,0.83,0.98,668,Normal,100.6,41.7,27468.4,24446.9,2289.0
166,2020-06-21 01:11:28,2020-06-21 08:50:02,0.87,0.98,2304,Normal,100.9,33.7,27513.5,26046.1,1467.4
167,2020-06-22 01:39:05,2020-06-22 08:49:51,0.8,0.98,2898,Normal,101.5,36.8,25845.8,24036.6,1809.2
168,2020-06-23 00:45:14,2020-06-23 08:48:52,0.9,0.96,915,Normal,101.2,36.9,29018.1,26986.8,2031.3
169,2020-06-24 01:01:59,2020-06-24 08:51:44,0.86,0.95,614,Normal,100.6,40.4,28184.9,26118.0,563.7
170,2020-06-25 00:51:09,2020-06-25 08:59:42,0.93,0.96,2207,Normal,100.8,33.6,29312.3,27065.1,2247.3
171,2020-06-26 00:48:12,2020-06-26 08:50:09,0.89,0.98,1986,Normal,101.0,39.4,28917.1,26121.8,2795.3
172,2020-06-27 01:22:29,2020-06-27 09:03:13,0.92,0.96,1490,Normal,100.8,23.1,27644.0,25432.4,2211.5
173,2020-06-28 00:48:50,2020-06-28 08:48:47,0.98,0.95,652,Normal,100.5,19.2,28796.2,27164.4,1631.8
174,2020-06-29 01:16:07,2020-06-29 08:49:40,0.89,0.94,734,Normal,100.6,27.8,27213.2,23947.7,3265.6
175,2020-06-30 01:32:41,2020-06-30 08:54:24,0.81,0.95,3556,Normal,100.8,39.6,26502.8,24559.2,1943.5
176,2020-07-01 00:41:25,2020-07-01 08:52:17,0.96,0.95,2123,Normal,100.8,27.3,29451.6,26113.8,1472.6
177,2020-07-02 01:03:06,2020-07-02 08:55:07,0.93,0.95,3186,Normal,100.7,26.2,28321.6,25489.4,2265.7
178,2020-07-03 00:52:47,2020-07-03 08:49:54,0.93,0.96,2070,Normal,100.9,26.8,28626.6,26431.9,2194.7
179,2020-07-04 00:42:52,2020-07-04 08:58:16,0.94,0.97,3307,Normal,101.3,32.6,29724.0,27544.2,1585.3
180,2020-07-06 01:01:13,2020-07-06 08:53:16,0.92,0.92,2041,Normal,101.2,28.0,28322.8,25962.6,2360.2
181,2020-07-07 00:50:15,2020-07-07 08:55:21,0.93,0.92,1887,Normal,100.9,29.9,29105.2,27552.9,1552.3
182,2020-07-08 01:05:25,2020-07-08 08:51:26,0.88,0.95,2487,Normal,101.2,33.1,27961.0,25351.3,559.2
183,2020-07-09 01:39:55,2020-07-09 09:13:08,0.85,0.96,1041,Normal,100.9,33.3,27192.8,24836.1,1087.7
184,2020-07-10 00:29:03,2020-07-10 08:52:04,0.84,0.92,2182,Normal,101.0,53.3,30181.3,28370.4,603.6
185,2020-07-11 01:54:09,2020-07-11 08:40:32,0.8,0.89,1124,Normal,101.3,25.9,24383.1,20725.7,1625.5
186,2020-07-12 00:34:30,2020-07-12 08:40:20,0.87,0.88,823,Normal,101.3,42.1,29150.1,27595.4,1554.7
187,2020-07-13 00:53:50,2020-07-13 08:41:54,0.91,0.91,624,Normal,101.3,27.6,28084.0,25930.9,2153.1
188,2020-07-14 00:44:33,2020-07-14 08:57:52,0.94,0.94,2441,Normal,101.2,30.3,29598.4,27230.5,2367.9
189,2020-07-15 00:53:46,2020-07-15 08:16:29,0.82,0.96,315,Normal,101.3,36.0,26562.8,23198.2,1416.7
190,2020-07-16 00:45:07,2020-07-16 08:25:07,0.86,0.96,3332,Normal,101.1,34.0,27599.7,26219.7,1380.0
191,2020-07-17 01:14:52,2020-07-17 10:05:57,0.98,0.91,729,Normal,100.9,37.1,31864.6,30271.3,1593.2
192,2020-07-18 00:54:04,2020-07-18 08:04:49,0.79,0.87,2339,Normal,101.4,38.3,25845.1,23605.2,2239.9
193,2020-07-19 00:24:09,2020-07-19 09:06:55,0.93,0.83,545,Normal,101.3,42.5,31365.7,27288.1,1568.3
194,2020-07-20 01:00:29,2020-07-20 09:03:34,0.89,0.87,333,Normal,101.0,37.0,28984.3,27438.5,1545.8
195,2020-07-21 01:09:30,2020-07-21 09:08:37,0.92,0.93,392,Normal,100.6,30.2,28747.5,27597.6,1149.9
196,2020-07-22 01:44:20,2020-07-22 09:05:13,0.81,0.96,625,Normal,100.3,36.0,26453.3,24777.9,1675.4
197,2020-07-23 02:04:53,2020-07-23 09:27:33,0.92,0.96,2345,Normal,100.5,13.9,26559.8,26028.6,531.2
198,2020-07-24 03:18:16,2020-07-24 10:07:30,0.81,0.91,502,Normal,100.9,22.5,24554.5,22753.8,1227.7
199,2020-07-25 01:30:17,2020-07-25 09:18:55,0.93,0.86,3013,Normal,101.3,22.7,28118.2,27555.8,562.4
200,2020-07-26 01:58:51,2020-07-26 03:53:15,0.23,0.71,535,Normal,101.3,16.2,6863.3,6726.1,137.3
201,2020-07-26 03:53:39,2020-07-26 09:07:38,0.6,0.8,535,Normal,101.3,29.2,18839.0,18462.2,376.8
202,2020-07-27 01:04:01,2020-07-27 08:21:03,0.84,0.76,653,Normal,100.7,28.9,26222.5,22813.6,1748.2
203,2020-07-28 00:47:12,2020-07-28 08:20:24,0.82,0.82,312,Normal,100.3,39.4,27191.6,26647.8,543.8
204,2020-07-29 00:49:56,2020-07-29 08:35:46,0.89,0.88,769,Normal,100.5,29.4,27950.4,27391.4,559.0
205,2020-07-30 01:27:25,2020-07-30 08:21:16,0.67,0.96,682,Normal,100.7,56.8,24831.9,19451.7,496.6
206,2020-07-31 01:05:49,2020-07-31 08:42:28,0.82,0.95,713,Normal,100.5,39.8,27399.5,25298.9,2100.6
207,2020-08-02 01:05:56,2020-08-02 08:17:22,0.77,0.95,395,Normal,101.1,41.4,25885.4,22434.0,1553.1
208,2020-08-03 00:37:48,2020-08-03 08:37:36,0.83,0.95,2399,Normal,101.1,45.6,28788.3,25621.6,1727.3
209,2020-08-04 00:53:48,2020-08-04 08:41:39,0.79,0.95,1053,Normal,101.3,49.2,28071.6,23486.6,2152.2
210,2020-08-05 00:49:47,2020-08-05 08:17:43,0.71,0.96,1368,Normal,100.8,59.0,26876.0,22575.8,1523.0
211,2020-08-06 01:29:06,2020-08-06 09:44:23,0.84,0.92,540,Normal,100.4,48.6,29716.4,26051.3,990.5
212,2020-08-07 02:08:36,2020-08-07 08:29:14,0.71,0.88,1641,Normal,101.2,34.4,22837.5,21771.7,1065.7
213,2020-08-08 01:56:20,2020-08-08 08:28:28,0.74,0.88,2256,Normal,101.3,30.4,23528.6,17489.6,3450.9
214,2020-08-09 01:03:10,2020-08-09 08:28:32,0.78,0.92,1625,Normal,101.6,43.5,26721.6,20397.5,2761.2
215,2020-08-10 01:33:56,2020-08-10 09:18:56,0.86,0.93,418,Normal,101.6,34.5,27899.8,24179.8,1581.0
216,2020-08-11 01:30:35,2020-08-11 08:22:32,0.72,0.91,507,Normal,100.8,43.6,24716.6,22245.0,1812.6
217,2020-08-12 01:44:14,2020-08-12 08:18:18,0.71,0.93,568,Normal,100.7,38.9,23643.9,22146.4,1497.4
218,2020-08-13 01:30:56,2020-08-13 08:42:31,0.74,0.95,512,Normal,101.2,47.7,25895.1,20370.8,1726.3
219,2020-08-14 01:24:21,2020-08-14 08:20:16,0.78,0.96,4906,Normal,101.5,32.4,24954.9,22958.6,1414.1
220,2020-08-15 01:37:34,2020-08-15 08:42:29,0.74,0.95,3062,Normal,101.3,45.0,25494.5,23624.9,1869.6
221,2020-08-16 01:33:48,2020-08-16 08:35:21,0.73,0.97,4155,Normal,100.5,45.0,25292.8,21161.7,1517.6
222,2020-08-17 01:34:08,2020-08-17 08:22:16,0.75,0.97,244,Normal,100.6,36.5,24488.3,20815.0,2040.7
223,2020-08-18 00:47:43,2020-08-18 08:42:24,0.83,0.96,659,Normal,100.9,45.0,28481.0,23164.5,2088.6
224,2020-08-19 01:34:10,2020-08-19 08:19:35,0.75,0.93,2467,Normal,101.1,35.4,24325.3,20271.1,1702.8
225,2020-08-20 01:09:28,2020-08-20 08:40:27,0.81,0.92,813,Normal,100.5,40.0,27059.4,25075.1,1984.4
226,2020-08-21 01:46:41,2020-08-21 08:17:43,0.67,0.92,2375,Normal,100.2,46.2,23461.2,20020.2,1329.5
227,2020-08-22 01:28:12,2020-08-22 08:18:00,0.72,0.94,1062,Normal,100.8,44.1,24587.7,20899.5,819.6
228,2020-08-23 01:51:25,2020-08-23 08:20:53,0.73,0.95,4287,Normal,101.0,31.7,23368.0,21732.3,1635.8
229,2020-08-24 01:45:12,2020-08-24 08:33:36,0.75,0.97,2602,Normal,100.7,35.7,24504.6,22707.6,1797.0
230,2020-08-25 02:30:23,2020-08-25 08:23:06,0.68,0.95,378,Normal,100.7,27.9,21163.0,17000.9,1481.4
231,2020-08-26 02:25:45,2020-08-26 08:25:19,0.67,0.96,2963,Normal,100.8,32.6,21574.7,19273.4,2301.3
232,2020-08-27 00:50:14,2020-08-27 08:30:46,0.81,0.92,1875,Normal,100.8,43.6,27632.4,25974.4,1657.9
233,2020-08-28 01:16:36,2020-08-28 08:18:22,0.75,0.93,2431,Normal,101.0,40.1,25305.3,23449.6,1855.7
234,2020-08-29 02:24:08,2020-08-29 10:36:22,0.9,0.84,3433,Normal,100.8,37.4,29534.0,28155.7,1378.3
235,2020-08-30 01:01:28,2020-08-30 08:20:11,0.76,0.79,3981,Normal,101.1,45.2,26322.7,23251.8,1842.6
236,2020-08-31 00:25:35,2020-08-31 08:17:18,0.85,0.79,375,Normal,101.1,39.1,28303.2,24340.8,2641.6
237,2020-09-01 01:26:56,2020-09-01 08:24:57,0.78,0.85,2772,Normal,101.4,34.1,25081.3,22824.0,2257.3
238,2020-09-02 01:35:36,2020-09-02 08:42:31,0.74,0.94,3596,Normal,101.2,45.4,25614.6,22370.1,1963.8
239,2020-09-03 02:02:24,2020-09-03 08:42:30,0.71,0.94,2558,Normal,101.3,42.0,24005.6,23125.4,880.2
240,2020-09-04 00:30:16,2020-09-04 08:42:28,0.85,0.93,589,Normal,101.0,45.0,29532.0,27169.4,2362.6
241,2020-09-05 00:58:37,2020-09-05 08:26:08,0.75,0.92,2872,Normal,101.0,50.9,26851.4,23450.3,1342.6
242,2020-09-06 01:44:06,2020-09-06 08:22:47,0.77,0.91,4263,Normal,101.7,27.7,23921.4,18977.7,3189.5
243,2020-09-07 00:15:35,2020-09-07 08:22:00,0.84,0.92,2903,Normal,101.4,45.3,29185.1,27142.1,2043.0
244,2020-09-08 00:23:19,2020-09-08 08:42:31,0.88,0.92,3891,Normal,101.7,42.0,29951.8,25558.9,2096.6
245,2020-09-09 00:02:04,2020-09-09 08:27:04,0.87,0.93,3465,Normal,101.2,45.6,30300.1,23432.0,4040.0
246,2020-09-10 00:14:33,2020-09-10 08:22:51,0.83,0.96,664,Normal,100.7,47.6,29297.5,25781.8,1855.5
247,2020-09-11 00:30:10,2020-09-11 08:07:22,0.84,0.96,3643,Normal,100.6,36.6,27432.0,26243.2,548.6
248,2020-09-12 00:21:52,2020-09-12 08:19:15,0.64,0.97,2088,Normal,100.9,79.9,28643.4,22723.8,3341.7
249,2020-09-13 01:06:07,2020-09-13 08:20:15,0.81,0.96,4452,Normal,100.7,34.1,26048.8,23270.3,2778.5
250,2020-09-14 00:52:12,2020-09-14 09:06:24,0.86,0.94,2164,Normal,100.6,43.8,29652.1,22733.3,2273.3
251,2020-09-15 01:07:00,2020-09-15 09:07:48,0.85,0.94,767,Normal,100.9,41.0,28848.2,24905.6,2115.5
252,2020-09-16 01:02:00,2020-09-16 08:18:04,0.63,0.94,6032,Normal,101.1,70.7,26163.9,23634.8,523.3
253,2020-09-17 00:48:56,2020-09-17 08:19:55,0.79,0.96,750,Normal,100.8,44.1,27058.9,22007.9,2615.7
254,2020-09-18 00:42:20,2020-09-18 08:17:20,0.78,0.96,670,Normal,100.4,45.7,27299.2,23477.4,1819.9
255,2020-09-19 01:25:07,2020-09-19 08:19:02,0.76,0.97,3421,Normal,100.5,35.6,24835.0,22848.2,1986.8
256,2020-09-20 01:16:39,2020-09-20 08:21:30,0.77,0.97,3120,Normal,101.0,37.2,25490.3,22771.3,1614.4
257,2020-09-21 01:26:33,2020-09-21 08:35:16,0.79,0.96,507,Normal,100.7,34.8,25722.9,23665.1,2057.8
258,2020-09-22 01:17:18,2020-09-22 08:42:31,0.78,0.98,2812,Normal,100.6,43.9,26713.1,23418.5,1959.0
259,2020-09-23 01:22:00,2020-09-23 08:17:21,0.75,0.97,6712,Normal,100.4,37.7,24920.5,21348.6,2325.9
260,2020-09-24 01:42:45,2020-09-24 09:07:21,0.81,0.95,2600,Normal,99.9,37.9,26676.7,23386.5,1333.8
261,2020-09-25 01:28:08,2020-09-25 08:24:52,0.79,0.93,2520,Normal,100.5,31.2,25004.4,24337.6,666.8
262,2020-09-26 01:49:22,2020-09-26 10:08:00,0.99,0.88,3152,Normal,100.5,23.0,29917.9,28122.8,1795.1
263,2020-09-27 01:17:14,2020-09-27 08:29:43,0.82,0.86,5237,Normal,101.4,29.5,25949.3,22748.9,1730.0
264,2020-09-28 02:04:01,2020-09-28 08:27:39,0.72,0.86,677,Normal,102.1,32.6,23018.7,20870.3,2148.4
265,2020-09-29 00:48:25,2020-09-29 08:21:23,0.85,0.88,1939,Normal,101.3,31.6,27177.7,24369.4,2083.6
266,2020-09-30 01:56:42,2020-09-30 08:29:07,0.67,0.9,978,Normal,100.9,46.9,23544.5,18521.7,1883.6
267,2020-10-01 01:45:09,2020-10-01 08:16:22,0.72,0.92,4263,Normal,101.3,35.1,23473.1,21125.8,1877.8
268,2020-10-02 02:18:06,2020-10-02 08:31:39,0.72,0.93,2474,Normal,101.1,28.5,22413.3,21218.0,1195.4
269,2020-10-03 01:23:29,2020-10-03 08:42:26,0.94,0.94,1269,Normal,101.0,0.0,26337.5,25810.7,526.7
270,2020-10-04 02:03:54,2020-10-04 10:13:11,0.97,0.89,527,No alarm,101.0,22.4,29357.8,27889.9,685.0
271,2020-10-05 01:40:21,2020-10-05 08:24:17,0.76,0.85,5132,Normal,101.4,32.1,24236.7,21893.8,2342.9
272,2020-10-06 01:53:54,2020-10-06 08:19:02,0.71,0.87,2825,Normal,101.4,34.7,23107.7,20796.9,1540.5
273,2020-10-07 00:51:53,2020-10-07 08:18:32,0.76,0.9,2672,Normal,100.7,47.2,26798.4,21706.7,4555.7
274,2020-10-08 02:24:51,2020-10-08 08:17:38,0.66,0.92,507,Normal,100.2,31.3,21167.0,19614.8,846.7
275,2020-10-09 01:47:51,2020-10-09 08:28:17,0.73,0.91,4056,Normal,100.4,37.0,24026.4,23305.6,720.8
276,2020-10-10 01:41:37,2020-10-10 08:29:26,0.76,0.93,6748,Normal,99.6,32.0,24468.5,22103.2,2365.3
277,2020-10-11 01:39:43,2020-10-11 08:26:09,0.79,0.97,414,Normal,100.3,26.6,24385.9,23004.0,1381.9
278,2020-10-12 01:51:22,2020-10-12 08:22:07,0.78,0.99,589,Normal,99.7,20.7,23444.8,21334.8,2110.0
279,2020-10-13 01:33:56,2020-10-13 08:17:24,0.74,0.98,3964,Normal,101.0,35.3,24207.9,22594.0,1613.9
280,2020-10-14 01:47:26,2020-10-14 08:16:14,0.77,0.98,4560,Normal,101.1,22.3,23327.9,21383.9,1244.2
281,2020-10-15 01:05:14,2020-10-15 08:33:36,0.91,0.96,5466,Normal,102.4,18.4,26901.3,23852.4,1793.4
282,2020-10-16 01:29:53,2020-10-16 08:41:34,0.79,0.95,5701,Normal,102.1,36.0,25901.3,25383.2,518.0
283,2020-10-17 00:48:49,2020-10-17 08:31:52,0.83,0.93,515,Normal,100.9,39.1,27782.9,26301.2,1481.8
284,2020-10-18 00:58:54,2020-10-18 08:18:40,0.84,0.95,4365,Normal,101.1,29.0,26386.0,24451.0,1935.0
285,2020-10-20 00:51:19,2020-10-20 08:21:21,0.88,0.98,3758,Normal,101.4,23.9,27002.1,25291.9,1710.1
286,2020-10-21 01:10:57,2020-10-21 08:22:42,0.82,0.98,5305,Normal,101.0,30.0,25905.2,24609.9,1295.3
287,2020-10-22 01:16:17,2020-10-22 08:16:15,0.78,0.98,747,Normal,101.6,32.7,25198.6,22930.8,1595.9
288,2020-10-23 02:05:43,2020-10-23 08:16:04,0.71,0.96,819,Normal,101.8,27.8,22221.1,19924.9,1333.3
289,2020-10-24 01:39:45,2020-10-24 08:16:26,0.73,0.96,1507,Normal,100.4,33.2,23801.3,23325.2,476.0
290,2020-10-25 02:21:54,2020-10-25 08:17:32,0.65,0.94,391,Normal,102.1,34.3,21337.3,17425.5,1635.9
291,2020-10-26 02:08:43,2020-10-26 08:17:03,0.69,0.96,265,Normal,102.5,32.1,22100.1,20479.4,442.0
292,2020-10-27 01:16:25,2020-10-27 08:21:10,0.8,0.95,549,Normal,102.3,29.9,25485.0,23106.4,1614.0
293,2020-10-27 09:49:22,2020-10-27 10:36:08,0.1,0.48,0,Normal,102.1,0.0,2805.7,2749.6,56.1
294,2020-10-28 02:43:06,2020-10-28 10:22:55,0.88,0.87,644,Normal,101.7,27.6,27589.2,25841.8,1011.6
295,2020-10-29 02:24:40,2020-10-29 08:20:51,0.67,0.81,3520,Normal,101.3,30.9,21371.6,18735.7,1709.7
296,2020-10-30 02:00:46,2020-10-30 08:23:42,0.72,0.83,842,Normal,100.6,30.7,22976.0,19759.4,3216.6
297,2020-10-31 01:37:55,2020-10-31 08:42:25,0.84,0.9,3707,Normal,101.7,21.3,25469.6,24960.2,509.4
298,2020-11-01 01:35:51,2020-11-01 08:28:39,0.79,0.92,372,Normal,101.8,27.9,24768.7,22952.3,1816.4
299,2020-11-01 23:53:42,2020-11-02 08:42:24,0.92,0.86,337,Normal,101.2,41.9,31722.6,28021.7,951.7
300,2020-11-03 00:33:49,2020-11-03 08:23:35,0.83,0.87,513,Normal,100.6,40.1,28185.9,25649.2,1221.4
301,2020-11-04 02:03:24,2020-11-04 08:27:15,0.69,0.72,346,Normal,100.4,37.2,23031.5,20498.0,2533.5
302,2020-11-05 02:40:16,2020-11-05 08:20:26,0.66,0.92,345,Normal,100.8,25.3,20409.8,18028.7,408.2
303,2020-11-05 18:35:18,2020-11-05 18:55:17,0.04,0.42,475,Normal,100.7,0.0,1199.4,1175.4,24.0
304,2020-11-06 02:33:03,2020-11-06 07:43:48,0.6,0.92,627,Normal,100.2,26.2,18644.0,15039.5,1305.1
305,2020-11-07 00:30:36,2020-11-07 08:27:46,0.92,0.88,2753,Normal,100.2,25.8,28630.1,26721.4,1908.7
306,2020-11-08 02:01:55,2020-11-08 08:17:03,0.71,0.86,3758,Normal,99.8,30.0,22507.8,20932.2,975.3
307,2020-11-09 01:55:12,2020-11-09 08:17:45,0.76,0.87,2455,Normal,101.4,20.0,22953.5,18439.3,2983.9
308,2020-11-10 02:11:51,2020-11-10 09:28:15,0.79,0.91,642,Normal,100.7,35.9,26183.3,25659.7,523.7
309,2020-11-11 02:02:53,2020-11-11 09:28:04,0.86,0.95,707,Normal,100.9,25.7,26710.9,26176.7,534.2
310,2020-11-12 01:15:33,2020-11-12 09:35:30,0.95,0.93,372,Normal,101.3,28.7,29997.4,26297.7,1799.8
311,2020-11-13 00:33:46,2020-11-13 09:06:36,0.94,0.94,419,Normal,99.6,34.4,30770.3,28616.4,615.4
312,2020-11-14 01:00:08,2020-11-14 09:17:36,0.79,0.92,3855,Normal,100.0,55.4,29848.8,22386.6,4178.8
313,2020-11-15 03:00:29,2020-11-15 08:16:47,0.6,0.87,3926,Normal,99.7,29.5,18978.5,14107.4,1455.0
314,2020-11-16 01:20:12,2020-11-16 08:21:08,0.83,0.85,3334,Normal,101.1,21.0,25255.3,19530.8,2609.7
315,2020-11-17 01:43:08,2020-11-17 09:22:20,0.86,0.83,5583,Normal,99.3,30.7,27551.4,25530.9,1285.7
316,2020-11-18 01:38:30,2020-11-18 09:29:18,0.85,0.91,3779,Normal,99.5,35.6,28248.6,24011.3,2542.4
317,2020-11-19 01:59:21,2020-11-19 09:35:27,0.88,0.94,4141,Normal,100.3,24.4,27365.6,23716.8,1733.2
318,2020-11-20 02:04:38,2020-11-20 09:22:50,0.82,0.8,7921,Normal,102.1,30.7,26291.3,25765.5,525.8
319,2020-11-20 17:18:20,2020-11-20 19:19:19,0.24,0.46,320,No alarm,102.1,22.1,7259.4,7114.2,145.2
320,2020-11-21 02:19:41,2020-11-21 09:20:43,0.8,0.97,3770,Normal,102.2,28.6,25261.6,23409.1,1852.5
321,2020-11-22 02:01:06,2020-11-22 09:30:16,0.83,0.8,3505,Normal,101.3,31.8,26949.7,26410.7,539.0
322,2020-11-23 01:54:36,2020-11-23 09:40:30,0.87,0.97,3527,Normal,100.4,30.0,27953.3,27394.2,559.1
323,2020-11-24 01:28:20,2020-11-24 09:24:48,0.85,0.96,4576,Normal,101.3,38.1,28588.0,24966.8,2096.5
324,2020-11-25 01:23:16,2020-11-25 09:22:03,0.86,0.79,3043,Normal,100.4,35.7,28727.1,27194.9,1532.1
325,2020-11-26 01:26:04,2020-11-26 12:14:15,0.97,0.9,0,No alarm,101.7,35.8,38890.9,32279.4,2981.6
326,2020-11-27 02:09:03,2020-11-27 11:43:24,0.94,0.88,553,No alarm,102.0,40.7,34461.7,30211.4,1608.2
327,2020-11-28 01:06:22,2020-11-28 10:31:12,0.97,0.82,6347,No alarm,101.2,36.3,33889.4,31743.1,2146.3
328,2020-11-29 01:02:24,2020-11-29 09:27:14,0.93,0.87,3568,Normal,101.9,31.7,30289.2,25342.0,3331.8
329,2020-11-30 01:12:07,2020-11-30 09:18:54,0.9,0.72,1793,Normal,100.7,32.4,29206.7,27064.8,2141.8
330,2020-12-01 01:35:29,2020-12-01 09:45:23,0.89,0.77,3292,Normal,102.3,34.6,29394.1,28806.2,587.9
331,2020-12-02 01:38:53,2020-12-02 09:15:23,0.8,0.78,3915,Normal,102.1,39.6,27390.2,24833.8,547.8
332,2020-12-03 01:49:10,2020-12-03 09:45:23,0.89,0.78,3535,Normal,101.4,30.6,28573.3,28001.8,571.5
333,2020-12-04 02:09:08,2020-12-04 09:44:41,0.81,0.96,312,Normal,102.2,37.9,27333.0,26786.3,546.7
334,2020-12-05 01:59:37,2020-12-05 09:24:59,0.78,0.96,6647,Normal,101.7,39.9,26721.8,23158.9,534.4
335,2020-12-06 02:29:36,2020-12-06 09:45:23,0.73,0.95,3379,Normal,101.2,45.7,26146.4,20568.5,1045.9
336,2020-12-07 02:17:25,2020-12-07 09:26:31,0.65,0.95,646,Normal,102.1,59.9,25746.3,21455.3,514.9
337,2020-12-08 02:04:13,2020-12-08 09:44:25,0.84,0.95,4049,Normal,101.3,34.0,27611.2,27059.0,552.2
338,2020-12-09 01:45:55,2020-12-09 09:22:13,0.83,0.95,3482,Normal,101.2,34.1,27377.8,26556.5,821.3
339,2020-12-10 01:53:00,2020-12-10 09:25:13,0.88,0.96,720,Normal,101.7,24.0,27132.9,24510.1,2622.8
340,2020-12-11 02:13:01,2020-12-11 09:32:44,0.77,0.96,3670,Normal,100.8,40.8,26382.9,25855.3,527.7
341,2020-12-12 02:01:32,2020-12-12 09:20:10,0.75,0.97,3610,Normal,101.2,42.9,26318.7,24827.3,1491.4
342,2020-12-13 02:29:35,2020-12-13 09:23:09,0.73,0.96,748,Normal,100.5,38.4,24814.2,23821.6,992.6
343,2020-12-14 01:32:48,2020-12-14 09:25:03,0.7,0.95,2849,Normal,100.9,62.0,28335.1,21912.4,3400.2
344,2020-12-15 02:01:45,2020-12-15 09:45:32,0.79,0.94,7594,Normal,101.3,43.3,27827.3,20221.2,1576.9
345,2020-12-16 01:44:43,2020-12-16 09:20:43,0.83,0.75,833,Normal,101.1,34.0,27359.7,25626.9,1732.8
346,2020-12-17 01:22:40,2020-12-17 09:28:39,0.86,0.94,4568,Normal,99.3,39.4,29158.8,27117.7,583.2
347,2020-12-18 02:16:35,2020-12-18 09:30:35,0.76,0.76,4353,Normal,101.3,39.8,26039.6,18835.3,2170.0
348,2020-12-18 23:39:14,2020-12-19 08:18:27,0.8,0.85,3908,Normal,100.3,57.0,31153.7,23988.3,3323.1
349,2020-12-20 01:06:11,2020-12-20 07:59:43,0.7,0.82,4672,Normal,100.3,44.4,24811.7,18195.3,3887.2
350,2020-12-21 01:01:23,2020-12-21 08:31:06,0.78,0.7,5734,Normal,101.1,41.4,26983.4,24824.8,539.7
351,2020-12-22 00:49:44,2020-12-22 08:31:48,0.79,0.78,0,Normal,100.0,42.8,27724.2,25044.2,554.5
352,2020-12-23 01:13:08,2020-12-23 08:42:14,0.85,0.96,3850,Normal,102.5,29.0,26946.5,24970.4,1976.1
353,2020-12-24 01:07:40,2020-12-24 08:17:00,0.74,0.96,962,Normal,101.6,42.8,25760.5,21209.5,515.2
354,2020-12-25 01:10:23,2020-12-25 08:42:09,0.71,0.96,713,Normal,100.5,54.5,27106.3,21956.1,542.1
355,2020-12-26 00:24:29,2020-12-26 09:19:38,0.94,0.93,754,Normal,99.4,39.9,32109.2,28577.2,642.2
356,2020-12-27 00:29:43,2020-12-27 09:43:28,0.99,0.94,685,Normal,101.0,33.7,33224.8,32006.6,1218.2
357,2020-12-28 00:51:45,2020-12-28 09:31:50,0.92,0.93,561,Normal,100.8,38.3,31204.9,29020.6,624.1
358,2020-12-29 01:11:19,2020-12-29 09:24:31,0.88,0.96,7194,Normal,101.3,38.2,29592.8,27422.7,591.9
359,2020-12-30 00:57:43,2020-12-30 09:07:50,0.9,0.96,5292,Normal,101.2,33.5,29407.4,25388.4,1862.5
360,2020-12-31 00:55:55,2020-12-31 09:06:05,0.93,0.97,7456,Normal,99.8,28.8,29410.4,25096.9,2450.9
361,2021-01-01 00:56:37,2021-01-01 09:14:20,0.9,0.98,842,Normal,101.0,34.8,29863.0,28768.1,1095.0
362,2021-01-02 00:44:02,2021-01-02 09:04:33,0.92,0.98,2694,Normal,100.0,32.4,30031.8,28530.2,1501.6
363,2021-01-03 00:55:05,2021-01-03 09:05:10,0.96,0.98,3813,Normal,99.6,23.6,29405.0,25288.3,3528.6
364,2021-01-04 01:18:38,2021-01-04 09:05:25,0.86,0.97,597,Normal,100.2,32.0,28007.2,26046.7,560.1
365,2021-01-05 00:59:12,2021-01-05 09:20:05,0.92,0.81,1017,Normal,100.5,32.8,30052.4,29451.4,601.0
366,2021-01-06 01:34:25,2021-01-06 09:03:29,0.89,0.78,3944,Normal,100.4,20.4,26943.7,26135.4,808.3
367,2021-01-07 00:54:10,2021-01-07 09:17:31,0.89,0.94,598,Normal,101.1,38.6,30201.0,26878.9,604.0
368,2021-01-08 00:54:34,2021-01-08 09:00:48,0.93,0.94,574,Normal,100.7,26.5,29173.5,28492.7,680.7
369,2021-01-09 00:54:34,2021-01-09 09:04:15,0.94,0.8,681,Normal,102.1,26.1,29381.3,27618.4,587.6
370,2021-01-10 00:24:30,2021-01-10 09:00:20,0.94,0.97,511,Normal,101.0,34.0,30950.0,28061.3,619.0
371,2021-01-11 01:00:49,2021-01-11 09:16:49,0.91,0.96,562,Normal,101.4,32.7,29759.6,29164.4,595.2
372,2021-01-12 00:59:43,2021-01-12 08:57:35,0.85,0.78,2179,Normal,100.0,38.3,28671.4,24275.1,573.4
373,2021-01-13 01:05:46,2021-01-13 09:27:26,0.95,0.8,644,Normal,98.9,27.2,30100.2,29498.2,602.0
374,2021-01-14 01:19:56,2021-01-14 09:08:36,0.83,0.96,5248,Normal,102.4,38.1,28120.6,23621.3,562.4
375,2021-01-15 00:44:03,2021-01-15 08:51:05,0.9,0.94,440,Normal,101.7,32.2,29222.1,24059.5,1753.3
376,2021-01-16 00:58:59,2021-01-16 09:07:49,0.87,0.95,3588,Normal,102.2,37.6,29330.4,27961.7,1368.8
377,2021-01-17 01:13:45,2021-01-17 09:25:58,0.9,0.95,3513,Normal,101.8,32.9,29532.8,27170.1,590.7
378,2021-01-18 01:30:09,2021-01-18 09:19:55,0.87,0.0,2950,Normal,102.6,32.0,28186.6,27622.9,563.7
379,2021-01-19 01:26:45,2021-01-19 09:12:48,0.83,0.97,648,Normal,102.6,38.0,27963.8,24887.8,1584.6
380,2021-01-20 00:53:02,2021-01-20 09:05:56,0.91,0.97,4174,Normal,101.6,31.2,29574.4,26715.6,1281.6
381,2021-01-21 00:52:00,2021-01-21 09:05:51,0.94,0.98,673,Normal,101.1,27.3,29630.5,27951.5,1679.1
382,2021-01-22 01:11:39,2021-01-22 09:10:54,0.94,0.97,5098,Normal,100.9,22.3,28754.7,23962.3,2779.6
383,2021-01-23 00:54:49,2021-01-23 09:17:42,0.93,0.81,4015,Normal,101.1,30.8,30173.1,29569.6,603.5
384,2021-01-24 02:01:14,2021-01-24 09:00:19,0.77,0.94,5098,Normal,100.7,31.9,25145.4,23804.3,1341.1
385,2021-01-25 01:32:35,2021-01-25 09:05:12,0.84,0.77,5389,Normal,99.8,31.1,27157.6,24985.0,2172.6
386,2021-01-26 01:18:28,2021-01-26 09:06:32,0.84,0.94,736,Normal,100.2,36.4,28084.2,27522.5,561.7
387,2021-01-27 02:01:07,2021-01-27 10:56:29,0.92,0.79,3523,Normal,98.8,42.6,32122.1,29766.5,642.4
388,2021-01-28 01:31:17,2021-01-28 09:02:14,0.83,0.69,5285,Normal,99.3,32.8,27057.6,26516.4,541.2
389,2021-01-29 02:13:17,2021-01-29 08:58:13,0.78,0.84,698,Normal,100.1,25.4,24296.1,21704.5,1538.8
390,2021-01-30 00:55:18,2021-01-30 09:05:45,0.83,0.87,4038,Normal,100.1,43.5,29427.3,22560.9,1667.5
391,2021-01-31 01:39:00,2021-01-31 08:55:29,0.82,0.91,2145,Normal,100.3,28.4,26188.9,25665.1,523.8
392,2021-02-01 00:37:37,2021-02-01 09:27:19,1.0,0.89,874,Normal,100.4,22.7,31781.8,29345.2,2436.6
393,2021-02-02 02:07:27,2021-02-02 09:18:22,0.92,0.89,2177,Normal,99.7,0.0,25854.9,25337.8,517.1
394,2021-02-03 01:46:51,2021-02-03 09:21:26,0.85,0.9,5187,Normal,100.0,29.1,27275.0,23911.1,545.5
395,2021-02-04 01:14:36,2021-02-04 09:02:25,0.84,0.92,419,Normal,101.9,35.1,28068.9,26946.2,1122.8
396,2021-02-05 01:39:37,2021-02-05 09:01:02,0.83,0.95,3571,Normal,101.1,29.1,26484.4,25954.7,529.7
397,2021-02-06 01:34:58,2021-02-06 10:49:21,1.0,0.91,2828,No alarm,101.6,26.1,33262.3,30047.0,665.2
398,2021-02-07 01:54:19,2021-02-07 09:51:26,0.91,0.71,2329,No alarm,100.7,26.4,28627.1,27386.6,572.5
399,2021-02-08 00:50:18,2021-02-08 09:08:08,0.94,0.86,4940,Normal,100.6,27.9,29870.7,28775.4,1095.3
400,2021-02-09 01:41:11,2021-02-09 09:04:10,0.81,0.89,4437,Normal,101.0,33.1,26579.5,24807.5,1240.4
401,2021-02-10 01:22:15,2021-02-10 09:10:48,0.9,0.91,3439,Normal,101.3,25.9,28113.1,23989.8,1593.1
402,2021-02-11 01:56:28,2021-02-11 08:59:00,0.79,0.94,669,Normal,101.3,29.0,25352.0,24845.0,507.0
403,2021-02-12 01:53:08,2021-02-12 09:28:56,0.69,0.95,788,Normal,100.8,57.4,27348.2,20875.8,547.0
404,2021-02-13 01:09:31,2021-02-13 09:27:19,0.9,0.76,420,Normal,100.2,33.9,29868.4,27478.9,597.4
405,2021-02-14 02:04:42,2021-02-14 09:12:19,0.83,0.76,4869,Normal,100.8,23.6,25656.4,20781.7,1967.0
406,2021-02-15 00:34:42,2021-02-15 08:53:55,0.89,0.73,449,Normal,99.7,36.1,29953.1,28755.0,599.1
407,2021-02-16 00:52:33,2021-02-16 09:21:48,0.85,0.9,651,No alarm,100.1,45.8,30555.0,26073.6,1527.8
408,2021-02-17 01:56:30,2021-02-17 09:05:21,0.74,0.89,5142,Normal,101.2,41.0,25730.6,22728.7,857.7
409,2021-02-18 01:42:28,2021-02-18 09:08:35,0.72,0.93,2149,Normal,101.8,49.7,26767.0,23019.6,535.3
410,2021-02-19 02:21:08,2021-02-19 09:06:55,0.74,0.94,6478,Normal,100.6,33.7,24346.5,23859.6,486.9
411,2021-02-20 03:02:30,2021-02-20 10:20:44,0.79,0.92,5257,No alarm,100.9,35.1,26293.8,21385.6,1490.0
412,2021-02-21 01:37:53,2021-02-21 09:02:55,0.85,0.85,802,Normal,101.9,27.0,26702.0,24654.9,1068.1
413,2021-02-22 02:59:19,2021-02-22 09:02:29,0.68,0.83,4092,Normal,101.4,29.6,21790.0,19175.2,435.8
414,2021-02-23 02:06:30,2021-02-23 09:02:05,0.59,0.86,1149,Normal,101.6,65.7,24934.7,19781.5,498.7
415,2021-02-24 02:24:30,2021-02-24 09:39:00,0.93,0.91,774,Normal,102.0,0.0,26070.6,25549.2,521.4
416,2021-02-25 02:24:52,2021-02-25 09:02:57,0.7,0.93,549,Normal,101.9,37.9,23885.8,22611.9,477.7
417,2021-02-27 02:10:18,2021-02-27 09:26:44,0.69,0.95,8125,Normal,100.7,52.0,26186.7,22171.4,523.7
418,2021-02-28 01:18:53,2021-02-28 08:57:10,0.86,0.92,3508,Normal,101.7,29.0,27497.3,23831.0,1283.2
419,2021-03-01 01:52:59,2021-03-01 09:28:40,0.86,0.9,5061,Normal,101.1,28.3,27340.9,26794.1,546.8
420,2021-03-02 02:16:47,2021-03-02 09:04:06,0.74,0.91,4617,Normal,101.0,32.9,24439.4,21832.6,570.3
421,2021-03-03 02:07:55,2021-03-03 08:53:51,0.53,0.94,901,Normal,100.4,74.6,24356.0,19809.6,487.1
422,2021-03-04 02:00:17,2021-03-04 09:00:45,0.64,0.96,2957,Normal,100.1,56.8,25227.7,19425.3,504.6
423,2021-03-05 01:25:01,2021-03-05 09:04:35,0.59,0.97,623,Normal,100.8,75.9,27574.2,23621.9,551.5
424,2021-03-06 02:05:39,2021-03-06 09:17:23,0.69,0.95,7886,Normal,100.4,52.1,25903.8,19514.2,1986.0
425,2021-03-07 02:33:33,2021-03-07 09:05:38,0.53,0.94,0,Normal,100.5,71.4,23525.6,18663.6,470.5
426,2021-03-08 01:23:59,2021-03-08 09:12:49,0.67,0.92,448,Normal,101.3,65.5,28130.7,24192.4,562.6
427,2021-03-09 02:31:47,2021-03-09 09:05:20,0.62,0.91,619,Normal,100.6,53.6,23613.3,18654.5,472.3
428,2021-03-10 01:48:03,2021-03-10 08:57:39,0.66,0.91,3869,Normal,100.5,55.7,25776.3,19418.2,515.5
429,2021-03-11 02:21:57,2021-03-11 09:07:12,0.54,0.92,727,Normal,101.1,73.6,24315.2,20019.5,486.3
430,2021-03-12 02:43:41,2021-03-12 09:06:22,0.52,0.95,1179,Normal,101.7,71.3,22961.6,19134.7,459.2
431,2021-03-13 01:45:49,2021-03-13 09:18:22,0.71,0.94,4505,Normal,101.6,55.0,27153.3,24256.9,543.1
432,2021-03-14 03:14:43,2021-03-14 09:04:05,0.55,0.91,406,Normal,100.8,53.2,20961.2,17817.1,419.2
433,2021-03-15 01:07:11,2021-03-15 09:06:03,0.8,0.72,514,Normal,100.8,45.4,28732.3,24805.6,574.6
434,2021-03-16 01:42:49,2021-03-16 09:27:43,0.79,0.81,316,Normal,101.5,43.4,27894.8,25849.1,557.9
435,2021-03-17 02:47:34,2021-03-17 08:55:34,0.63,0.81,0,Normal,101.0,43.3,22080.5,17370.0,441.6
436,2021-03-18 03:07:40,2021-03-18 09:04:49,0.58,0.89,3813,Normal,100.2,49.5,21429.3,17357.7,428.6
437,2021-03-19 02:26:14,2021-03-19 09:14:15,0.6,0.92,474,Normal,100.4,61.2,24480.3,20155.4,489.6
438,2021-03-20 01:36:07,2021-03-20 08:14:20,0.62,0.77,5280,Normal,100.5,54.8,23893.4,18318.2,876.1
439,2021-03-21 01:07:21,2021-03-21 09:03:23,0.82,0.89,4413,Normal,101.7,41.8,28562.0,23420.8,666.4
440,2021-03-22 03:22:01,2021-03-22 09:12:03,0.58,0.85,8829,Normal,100.8,48.0,21002.2,16031.7,420.0
441,2021-03-23 01:03:18,2021-03-23 09:08:49,0.87,0.66,8442,Normal,101.6,36.9,29130.3,25731.7,1747.8
442,2021-03-24 02:11:08,2021-03-24 09:11:25,0.63,0.67,3387,Normal,101.8,60.5,25216.9,22527.1,504.3
443,2021-03-25 02:20:21,2021-03-25 09:27:25,0.53,0.73,4033,Normal,99.9,81.0,25624.3,23318.1,512.5
444,2021-03-26 01:48:43,2021-03-26 09:02:20,0.8,0.93,7790,Normal,101.0,32.8,26016.7,22461.1,1300.8
445,2021-03-27 00:55:14,2021-03-27 09:06:33,0.81,0.77,3991,Normal,101.8,47.5,29478.7,28889.1,589.6
446,2021-03-28 02:03:41,2021-03-28 09:06:00,0.77,0.92,8824,Normal,101.4,33.1,25338.7,20862.2,1773.7
447,2021-03-29 01:27:54,2021-03-29 09:01:44,0.79,0.92,9840,Normal,100.7,40.0,27230.5,24416.7,1270.8
448,2021-03-30 01:41:48,2021-03-30 09:27:29,0.86,0.78,3113,Normal,101.9,32.5,27941.1,27382.3,558.8
449,2021-03-31 01:44:57,2021-03-31 08:57:33,0.72,0.78,10843,Normal,102.2,46.6,25955.9,19986.0,1297.8
450,2021-04-01 01:44:04,2021-04-01 05:50:57,0.41,0.8,4133,Normal,100.7,47.8,14813.2,12492.4,296.3
451,2021-04-01 05:51:06,2021-04-01 09:10:46,0.28,0.0,4133,Normal,100.5,69.6,11979.8,9064.7,239.6
452,2021-04-02 01:32:38,2021-04-02 09:02:15,0.72,0.8,4201,Normal,100.5,51.6,26977.0,22121.2,539.5
453,2021-04-03 02:06:39,2021-04-03 09:07:15,0.62,0.8,8566,Normal,101.1,61.6,25236.7,20610.0,504.7
454,2021-04-04 02:24:59,2021-04-04 09:08:26,0.61,0.88,2585,Normal,101.3,58.2,24207.7,21867.6,484.2
455,2021-04-05 01:52:46,2021-04-05 09:28:28,0.75,0.95,4344,Normal,101.5,47.8,27341.9,23696.3,1002.5
456,2021-04-06 01:44:35,2021-04-06 09:04:39,0.7,0.78,4863,Normal,101.2,52.2,26403.4,20506.6,1056.1
457,2021-04-07 02:33:12,2021-04-07 09:05:16,0.62,0.77,3547,Normal,100.8,53.5,23523.9,18035.0,470.5
458,2021-04-08 01:57:19,2021-04-08 09:04:05,0.7,0.95,1569,Normal,100.7,49.3,25605.6,25093.5,512.1
459,2021-04-09 02:42:45,2021-04-09 09:03:09,0.55,0.94,4175,Normal,101.7,64.5,22824.5,18792.2,456.5
460,2021-04-10 02:19:54,2021-04-10 09:01:23,0.59,0.95,4015,Normal,100.6,61.7,24088.9,17183.4,481.8
461,2021-04-11 01:17:35,2021-04-11 09:04:29,0.79,0.94,2477,Normal,101.8,45.4,28014.4,23718.8,560.3
462,2021-04-12 01:41:47,2021-04-12 08:56:48,0.7,0.94,4188,Normal,101.8,50.5,26101.4,20794.2,522.0
463,2021-04-13 02:37:48,2021-04-13 09:24:30,0.64,0.92,4176,Normal,101.6,53.5,24401.7,19846.7,488.0
464,2021-04-14 01:19:36,2021-04-14 09:04:09,0.73,0.9,4116,Normal,101.5,53.8,27872.8,22577.0,2787.3
465,2021-04-15 02:12:30,2021-04-15 08:47:05,0.68,0.88,4693,Normal,100.9,42.6,23674.8,22491.1,473.5
466,2021-04-16 01:46:31,2021-04-16 09:26:23,0.68,0.89,3451,Normal,101.1,62.1,27591.4,23912.6,551.8
467,2021-04-17 01:00:31,2021-04-17 09:05:47,0.79,0.91,4237,Normal,101.2,50.4,29115.9,21351.6,582.3
468,2021-04-18 01:42:12,2021-04-18 09:05:27,0.71,0.92,2968,Normal,101.2,52.3,26594.8,20566.7,531.9
469,2021-04-19 00:58:41,2021-04-19 09:27:21,0.71,0.92,2795,Normal,101.0,68.5,30519.9,26247.1,610.4
470,2021-04-20 01:28:26,2021-04-20 09:04:31,0.73,0.93,431,Normal,101.2,52.3,27365.5,24264.1,547.3
471,2021-04-21 01:53:43,2021-04-21 09:02:17,0.76,0.93,4516,Normal,101.0,38.1,25714.4,24771.6,942.9
472,2021-04-22 01:06:51,2021-04-22 08:52:11,0.59,0.77,3887,Normal,100.3,79.1,27919.8,24476.4,558.4
473,2021-04-23 00:46:33,2021-04-23 09:07:59,0.92,0.94,4695,Normal,100.5,34.2,30085.5,29483.8,601.7
474,2021-04-24 01:01:57,2021-04-24 09:07:17,0.82,0.95,4197,Normal,100.3,44.6,29120.1,24363.8,582.4
475,2021-04-25 03:05:13,2021-04-25 09:12:50,0.66,0.92,948,Normal,99.7,37.7,22056.9,21615.8,441.1
476,2021-04-26 01:56:37,2021-04-26 09:08:15,0.76,0.73,383,Normal,99.9,39.8,25897.5,24171.0,1726.5
477,2021-04-27 01:01:09,2021-04-27 09:04:09,0.7,0.88,4163,Normal,100.7,63.8,28980.6,21542.3,2221.8
478,2021-04-28 01:11:31,2021-04-28 09:02:02,0.77,0.93,5482,Normal,101.5,48.8,28230.8,22772.8,564.6
479,2021-04-29 01:33:12,2021-04-29 09:10:47,0.71,0.95,4282,Normal,101.6,57.0,27454.4,23061.7,549.1
480,2021-04-30 01:50:06,2021-04-30 09:03:51,0.66,0.97,5246,Normal,101.4,58.7,26024.3,21339.9,520.5
481,2021-05-01 02:16:01,2021-05-01 09:00:56,0.63,0.96,4167,Normal,101.0,56.0,24294.3,19840.4,485.9
482,2021-05-02 01:42:30,2021-05-02 09:16:08,0.79,0.95,3470,Normal,101.2,40.2,27217.5,25584.4,1633.0
483,2021-05-03 02:01:20,2021-05-03 08:53:50,0.69,0.95,3864,Normal,101.3,46.0,24750.3,20790.3,495.0
484,2021-05-04 02:14:57,2021-05-04 09:21:45,0.7,0.94,199,Normal,101.2,48.6,25607.3,23729.4,512.1
485,2021-05-05 01:35:33,2021-05-05 09:02:05,0.76,0.93,4009,Normal,101.4,43.5,26792.1,24023.6,535.8
486,2021-05-06 00:48:07,2021-05-06 09:18:00,0.8,0.92,0,Normal,100.1,54.8,30592.9,24882.2,611.9
487,2021-05-07 01:46:51,2021-05-07 09:00:13,0.68,0.91,3907,Normal,101.0,54.4,26001.5,20454.5,520.0
488,2021-05-08 01:24:56,2021-05-08 09:21:21,0.68,0.92,0,Normal,101.8,66.6,28585.4,25822.2,571.7
489,2021-05-09 00:33:29,2021-05-09 09:02:23,0.78,0.91,0,Normal,101.8,58.3,30534.0,25546.7,2035.6
490,2021-05-10 02:00:33,2021-05-10 08:49:17,0.74,0.9,4326,Normal,101.5,36.2,24523.5,22234.7,490.5
491,2021-05-11 02:36:35,2021-05-11 08:46:30,0.61,0.0,0,Normal,101.5,47.7,22195.3,17312.3,443.9
492,2021-05-12 01:20:12,2021-05-12 09:07:42,0.81,0.89,0,Normal,101.2,42.0,28049.5,22252.6,935.0
493,2021-05-13 01:55:54,2021-05-13 09:03:26,0.71,0.0,4696,Normal,101.3,47.9,25652.4,24284.3,1368.1
494,2021-05-14 01:44:57,2021-05-14 09:09:30,0.75,0.93,4648,Normal,101.1,46.0,26673.5,20894.3,1155.9
495,2021-05-15 02:04:41,2021-05-15 09:11:11,0.8,0.96,3191,Normal,101.0,30.1,25590.2,22263.4,3326.7
496,2021-05-16 02:12:47,2021-05-16 09:03:16,0.68,0.97,0,Normal,100.7,47.8,24629.4,22987.4,1067.3
497,2021-05-17 02:17:55,2021-05-17 09:06:05,0.69,0.98,0,Normal,100.3,45.7,24490.2,19755.4,489.8
498,2021-05-18 01:44:14,2021-05-18 09:12:04,0.79,0.97,4130,Normal,100.4,39.6,26870.6,26333.2,537.4
499,2021-05-19 01:40:01,2021-05-19 09:06:33,0.86,0.97,3779,Normal,101.2,26.9,26792.0,24827.3,1250.3
500,2021-05-20 02:07:15,2021-05-20 09:27:34,0.83,0.95,4386,Normal,100.9,30.2,26419.1,24657.8,1761.3
501,2021-05-21 02:04:51,2021-05-21 08:51:05,0.77,0.96,4048,Normal,101.1,28.9,24373.4,20961.1,2193.6
502,2021-05-22 02:15:43,2021-05-22 09:02:21,0.74,0.95,4013,Normal,101.3,35.4,24397.4,23340.2,1057.2
503,2021-05-23 01:23:11,2021-05-23 09:13:53,0.83,0.94,3610,Normal,100.8,40.0,28241.5,27676.7,564.8
504,2021-05-24 01:54:50,2021-05-24 09:27:21,0.79,0.94,2505,Normal,100.9,40.5,27151.4,26608.4,543.0
505,2021-05-25 01:39:05,2021-05-25 08:52:53,0.82,0.93,8797,Normal,100.8,29.6,26028.5,25074.1,954.4
506,2021-05-26 03:07:04,2021-05-26 09:10:12,0.63,0.91,7033,Normal,101.3,41.7,21788.0,21352.2,435.8
507,2021-05-28 02:21:53,2021-05-28 09:07:34,0.74,0.89,4238,Normal,101.1,34.9,24340.9,23854.1,486.8
508,2021-05-29 01:32:33,2021-05-29 09:06:49,0.81,0.93,5938,Normal,101.5,37.0,27256.3,24803.2,1544.5
509,2021-05-30 02:09:42,2021-05-30 09:05:00,0.71,0.94,446,Normal,101.0,43.9,24918.5,22011.4,2907.2
510,2021-05-31 02:31:50,2021-05-31 09:00:54,0.64,0.95,0,Normal,101.2,48.4,23344.1,19998.1,466.9
511,2021-06-01 02:10:48,2021-06-01 09:13:29,0.72,0.95,3738,Normal,101.2,43.6,25361.1,23670.3,1690.7
512,2021-06-02 01:54:44,2021-06-02 09:00:52,0.72,0.96,0,Normal,100.2,44.5,25568.2,22670.5,511.4
513,2021-06-03 01:43:48,2021-06-03 09:05:09,0.77,0.96,1242,Normal,100.5,40.0,26481.3,24186.3,529.6
514,2021-06-04 02:11:37,2021-06-04 09:23:09,0.83,0.96,4177,Normal,100.6,27.0,25892.1,24770.1,1122.0
515,2021-06-05 00:51:03,2021-06-05 09:25:53,1.0,0.93,4239,Normal,100.6,23.8,30890.1,28624.9,2265.3
516,2021-06-06 01:30:09,2021-06-06 09:05:16,0.83,0.91,1800,Normal,100.9,35.2,27306.7,25577.3,1729.4
517,2021-06-07 01:12:26,2021-06-07 09:10:04,0.95,0.92,3264,Normal,100.2,22.4,28658.0,24741.4,2006.1
518,2021-06-09 01:02:52,2021-06-09 08:50:55,0.74,0.96,0,Normal,100.9,53.6,28083.3,22841.1,561.7
519,2021-06-10 02:16:29,2021-06-10 09:05:56,0.76,0.92,4783,Normal,101.0,32.4,24567.4,23011.4,1555.9
520,2021-06-11 01:56:15,2021-06-11 09:01:15,0.7,0.92,7428,Normal,100.9,47.5,25500.1,19635.1,850.0
521,2021-06-13 02:37:25,2021-06-13 09:06:42,0.62,0.95,4811,Normal,100.1,51.9,23357.3,18608.0,467.1
522,2021-06-14 02:42:45,2021-06-14 08:53:01,0.59,0.95,0,Normal,100.5,52.5,22216.7,19106.4,444.3
523,2021-06-15 01:13:14,2021-06-15 09:07:40,0.77,0.91,0,Normal,100.9,50.2,28466.4,23247.6,569.3
524,2021-06-16 03:19:13,2021-06-16 08:37:53,0.58,0.87,7145,Normal,101.9,35.5,19120.2,16443.4,382.4
525,2021-06-17 02:23:46,2021-06-17 08:34:47,0.56,0.85,0,Normal,101.4,58.7,22260.5,16250.2,445.2
526,2021-06-18 01:08:37,2021-06-18 08:37:19,0.85,0.86,2191,Normal,101.0,29.2,26922.0,22614.5,1076.9
527,2021-06-19 01:49:56,2021-06-19 09:15:56,0.83,0.9,0,Normal,101.0,30.9,26760.4,24708.8,2051.6
528,2021-06-20 01:51:30,2021-06-20 09:22:56,0.75,0.92,0,Normal,100.7,46.8,27086.1,21759.2,1896.0
529,2021-06-21 02:23:32,2021-06-21 08:38:17,0.69,0.92,450,Normal,100.4,32.4,22484.8,20011.5,449.7
530,2021-06-22 02:13:31,2021-06-22 09:10:22,0.69,0.94,363,Normal,100.1,48.3,25010.9,19425.1,833.7
531,2021-06-23 02:08:47,2021-06-23 09:05:29,0.72,0.94,0,Normal,100.1,8160.5,25001.5,21084.6,500.0
532,2021-06-24 00:58:48,2021-06-24 09:27:27,0.89,0.93,0,Normal,100.6,5859.4,30518.8,28484.2,712.1
533,2021-06-25 02:31:08,2021-06-25 08:58:53,0.67,0.9,0,Normal,100.8,5917.9,23265.1,19077.4,1008.2
534,2021-06-26 01:21:59,2021-06-26 09:10:47,0.84,0.86,0,Normal,100.5,4871.8,28128.2,23440.1,562.6
535,2021-06-27 01:59:45,2021-06-27 09:04:55,0.79,0.89,0,Normal,100.4,5144.6,25509.3,20152.4,510.2
536,2021-06-28 01:04:32,2021-06-28 08:17:50,0.79,0.89,0,Normal,99.9,5872.1,25998.3,20105.3,1213.3
537,2021-06-29 02:41:14,2021-06-29 09:49:44,0.79,0.85,0,Normal,99.5,3064.4,25710.2,20139.6,1971.1
538,2021-06-30 01:53:15,2021-06-30 09:06:42,0.79,0.82,165,Normal,100.1,7097.8,26007.6,20979.5,606.8
539,2021-07-01 01:58:57,2021-07-01 08:53:38,0.72,0.86,0,Normal,100.5,6540.9,24880.8,18328.9,3317.4
540,2021-07-02 02:55:17,2021-07-02 09:11:09,0.67,0.91,5726,Normal,100.6,5623.6,22551.9,18943.6,451.0
541,2021-07-03 02:06:49,2021-07-03 09:11:05,0.79,0.93,4765,Normal,100.6,5810.4,25456.1,20958.8,509.1
542,2021-07-04 02:51:26,2021-07-04 09:07:25,0.67,0.92,0,Normal,100.4,5204.9,22558.7,22107.6,451.2
543,2021-07-05 02:05:15,2021-07-05 09:01:35,0.72,0.93,4197,Normal,100.6,6955.3,24979.6,21815.5,499.6
544,2021-07-06 02:22:31,2021-07-06 10:15:03,0.84,0.91,9166,Normal,100.8,5275.1,28351.9,24099.1,661.5
545,2021-07-07 02:25:26,2021-07-07 09:30:22,0.79,0.91,0,Normal,100.4,4865.0,25495.8,22436.3,2039.7
546,2021-07-08 01:36:22,2021-07-08 09:05:36,0.79,0.9,3835,Normal,100.8,8037.2,26954.2,23809.5,808.6
547,2021-07-09 02:37:30,2021-07-09 09:00:37,0.67,0.91,0,Normal,100.9,4361.3,22986.7,17240.0,1149.3
548,2021-07-10 01:52:19,2021-07-10 09:07:16,0.79,0.91,7558,Normal,100.9,9521.5,26097.5,21573.9,522.0
549,2021-07-11 02:34:48,2021-07-11 09:04:26,0.67,0.92,0,Normal,101.1,5672.3,23377.7,20650.3,2026.1
550,2021-07-12 02:06:03,2021-07-12 09:14:43,0.79,0.94,7397,Normal,100.9,6551.8,25719.3,19032.3,1457.4
551,2021-07-13 02:23:15,2021-07-13 09:10:09,0.72,0.95,3895,Normal,100.8,8029.1,24414.4,17090.1,3255.3
552,2021-07-14 02:04:11,2021-07-14 08:58:24,0.72,0.96,4875,Normal,100.7,8042.8,24852.5,22201.6,497.1
553,2021-07-15 02:44:31,2021-07-15 09:03:10,0.66,0.95,4815,Normal,100.7,34.9,22718.6,20371.0,454.4
554,2021-07-16 01:23:27,2021-07-16 09:05:13,0.81,0.93,0,Normal,100.7,68.3,27706.0,22534.2,923.5
555,2021-07-17 02:55:22,2021-07-17 09:20:07,0.67,0.89,8405,Normal,100.8,61.3,23085.1,18852.8,461.7
556,2021-07-18 01:46:41,2021-07-18 09:27:28,0.81,0.88,9032,Normal,101.0,28.1,27647.2,26080.5,1566.7
557,2021-07-19 02:01:00,2021-07-19 08:48:56,0.72,0.89,0,Normal,101.0,39.4,24475.6,20559.5,489.5
558,2021-07-20 02:18:14,2021-07-20 09:12:37,0.73,0.92,7943,Normal,101.0,30.0,24862.3,22873.4,497.2
559,2021-07-21 02:09:29,2021-07-21 02:58:05,0.09,0.46,9724,Normal,101.0,0.0,2916.1,2857.7,58.3
560,2021-07-21 03:24:41,2021-07-21 09:23:24,0.63,0.92,9724,Normal,101.0,43.2,21523.2,18868.7,430.5
561,2021-07-22 03:00:51,2021-07-22 08:54:13,0.62,0.92,7839,Normal,101.2,34.0,21201.9,20283.1,424.0
562,2021-07-23 02:00:52,2021-07-23 08:06:34,0.64,0.89,0,Normal,101.3,34.6,21942.2,18065.8,438.8
563,2021-07-24 01:29:14,2021-07-24 09:25:22,0.84,0.87,0,Normal,101.4,45.9,28568.2,23616.4,571.4
564,2021-07-25 02:43:38,2021-07-25 08:36:05,0.62,0.84,4843,Normal,100.9,42.5,21147.0,16424.1,422.9
565,2021-07-26 02:13:58,2021-07-26 04:50:55,0.28,0.77,3391,Normal,100.7,38.6,9417.3,7973.4,188.3
566,2021-07-27 01:47:51,2021-07-27 09:07:20,0.77,0.69,0,Normal,100.6,62.4,26369.3,22941.3,527.4
567,2021-07-30 01:15:59,2021-07-30 06:18:09,0.53,0.72,5790,Normal,100.7,44.1,18130.4,14081.3,362.6
568,2021-07-31 02:46:07,2021-07-31 08:35:05,0.61,0.68,5893,Normal,100.6,41.8,20938.6,20519.9,418.8
569,2021-08-01 02:45:13,2021-08-01 08:32:15,0.61,0.84,4369,Normal,100.7,29.3,20821.9,19572.6,416.4
570,2021-08-02 02:18:07,2021-08-02 08:48:23,0.68,0.87,143,Normal,101.0,56.9,23416.6,17718.6,468.3
571,2021-08-03 02:12:37,2021-08-03 08:57:23,0.71,0.97,243,Normal,100.9,40.3,24286.3,19671.9,485.7
572,2021-08-04 01:49:36,2021-08-04 09:57:21,0.85,0.93,3924,Normal,100.8,66.8,29264.1,26045.0,585.3
573,2021-08-05 01:51:57,2021-08-05 02:32:35,0.07,0.49,0,Normal,100.4,0.0,2437.6,2388.9,48.8
574,2021-08-06 02:14:52,2021-08-06 08:38:58,0.67,-0.01,5288,Normal,100.7,40.0,23046.1,18667.3,460.9
575,2021-08-08 02:53:57,2021-08-08 08:34:09,0.6,0.21,6168,Normal,100.4,28.3,20411.3,17893.9,1156.6
576,2021-08-09 01:31:11,2021-08-09 09:28:46,0.84,0.87,0,Normal,101.0,44.3,28654.4,24738.3,573.1
577,2021-08-10 01:49:38,2021-08-10 04:00:02,0.23,0.66,8444,Normal,101.0,81.0,7824.1,5398.6,156.5
578,2021-08-11 01:58:18,2021-08-11 09:25:01,0.79,0.62,7049,Normal,0.0,0.0,26802.7,26266.7,536.1
579,2021-08-12 01:49:41,2021-08-12 09:25:01,0.83,0.68,8523,Normal,0.0,0.0,27320.5,26774.1,546.4
580,2021-08-13 01:38:43,2021-08-13 09:07:52,0.79,0.83,2336,Normal,100.5,59.0,26948.8,21918.4,1078.0
581,2021-08-15 02:11:13,2021-08-15 09:02:17,0.72,0.95,0,Normal,100.8,49.0,24664.7,17758.6,493.3
582,2021-08-22 02:43:23,2021-08-22 09:27:20,0.71,0.0,0,Normal,100.2,47.0,24237.2,22217.4,484.7
583,2021-08-24 15:18:06,2021-08-24 16:28:45,0.12,-0.54,0,Normal,100.6,0.0,4238.9,2995.5,1243.4
584,2021-08-24 21:40:24,2021-08-25 07:54:35,0.94,0.45,0,Normal,100.9,110.5,36850.8,32428.7,2456.7
585,2021-08-25 23:59:49,2021-08-26 06:16:18,0.37,0.67,0,Normal,101.3,102.1,22589.5,18598.7,2258.9
586,2021-08-26 21:36:25,2021-08-27 08:24:43,0.39,0.65,0,Normal,101.1,137.8,38898.1,34749.0,4149.1
587,2021-08-27 23:00:55,2021-08-28 07:49:46,0.41,0.71,0,Normal,101.7,123.3,31731.1,29404.2,2327.0
588,2021-08-28 07:54:06,2021-08-28 08:19:28,0.05,0.39,0,Normal,102.2,0.0,1521.9,1491.4,30.4
589,2021-08-28 23:13:21,2021-08-29 08:26:43,1.0,0.8,14390,Normal,102.4,32.6,33202.1,30767.3,664.0
590,2021-08-30 00:30:20,2021-08-30 07:13:29,0.81,0.85,0,Normal,101.5,19.2,24188.9,20480.0,2096.4
591,2021-08-30 23:15:11,2021-08-31 07:29:15,0.69,0.87,0,Normal,100.5,70.4,29643.1,24208.5,5434.6
592,2021-08-31 15:51:41,2021-08-31 17:23:01,0.2,0.41,6381,Normal,100.3,0.0,5479.8,5370.2,109.6
593,2021-09-02 00:08:36,2021-09-02 06:06:42,0.5,-0.07,0,Normal,100.6,70.2,21485.6,19408.6,429.7
594,2021-09-02 23:06:41,2021-09-03 05:15:58,0.63,-0.08,0,Normal,101.1,44.0,22156.8,16986.9,443.1
595,2021-09-07 23:40:48,2021-09-08 06:07:42,0.61,0.0,6804,Normal,101.1,56.1,23214.4,20041.8,464.3
596,2021-09-08 23:19:44,2021-09-09 06:05:53,0.77,0.97,0,Normal,100.8,28.7,24369.4,23069.7,731.1
597,2021-09-10 00:21:00,2021-09-10 06:20:21,0.67,0.93,7858,Normal,100.4,31.2,21560.8,18111.1,3449.7
598,2021-09-11 00:58:05,2021-09-11 08:30:36,0.64,0.88,0,Normal,101.4,68.0,27151.0,19458.2,543.0
599,2021-09-11 22:45:44,2021-09-12 06:07:10,0.72,0.76,14375,Normal,101.7,51.0,26486.4,22690.0,529.7
600,2021-09-13 00:43:06,2021-09-13 07:08:03,0.73,0.71,0,Normal,101.1,28.7,23097.6,22404.6,692.9
601,2021-09-14 00:12:15,2021-09-14 06:18:29,0.58,0.75,16115,Normal,101.4,54.1,21974.4,17579.6,439.5
602,2021-09-14 23:29:07,2021-09-15 06:10:51,0.7,0.86,7903,Normal,101.5,42.2,24104.4,21211.9,482.1
603,2021-09-15 23:14:02,2021-09-16 05:09:02,0.71,0.9,0,Normal,101.5,19.3,21300.0,16969.0,1562.0
604,2021-09-17 00:26:35,2021-09-17 07:01:58,0.71,0.86,0,Normal,102.4,36.6,23723.8,22695.7,1028.0
605,2021-09-18 00:30:24,2021-09-18 06:24:58,0.59,0.86,12026,Normal,101.8,48.9,21273.5,20351.6,425.5
606,2021-09-19 00:03:30,2021-09-19 06:18:22,0.6,0.88,16698,Normal,101.4,53.6,22492.4,20018.2,449.8
607,2021-09-19 23:35:28,2021-09-20 06:07:06,0.69,0.95,0,Normal,102.2,39.3,23497.5,23027.5,469.9
608,2021-09-22 00:12:47,2021-09-22 06:20:33,0.61,0.94,0,Normal,102.3,47.5,22066.1,18314.9,441.3
609,2021-09-22 22:28:52,2021-09-23 06:27:30,0.75,0.89,0,Normal,101.7,56.7,28718.2,24506.2,574.4
610,2021-09-24 00:15:51,2021-09-24 06:18:09,0.65,0.84,73,Normal,101.7,69.2,21737.9,17752.6,434.8
611,2021-09-24 22:54:15,2021-09-25 06:28:05,0.8,0.85,9308,Normal,101.6,122.1,27230.7,22964.5,544.6
612,2021-09-25 23:33:53,2021-09-26 06:18:38,0.72,0.88,8549,Normal,101.0,85.5,24284.4,21208.4,485.7
613,2021-09-27 00:01:06,2021-09-27 06:10:00,0.67,0.92,11013,Normal,101.1,59.6,22133.5,16673.9,442.7
614,2021-09-27 22:43:13,2021-09-28 06:27:30,0.81,0.92,8061,Normal,100.8,84.4,27857.1,24792.8,557.1
615,2021-09-29 00:16:22,2021-09-29 07:05:12,0.74,0.88,4239,Normal,101.0,69.9,24530.3,20932.5,490.6
616,2021-10-01 00:14:10,2021-10-01 06:06:14,0.65,0.87,8274,Normal,101.9,64.2,21124.0,17673.7,704.1
617,2021-10-02 00:21:55,2021-10-02 06:21:04,0.64,0.94,5574,Normal,102.0,69.4,21549.1,15659.0,2657.7
618,2021-10-02 22:21:30,2021-10-03 06:03:07,0.78,0.89,8093,Normal,101.5,79.5,27697.5,23173.6,553.9
619,2021-10-03 23:52:57,2021-10-04 06:00:27,0.7,0.88,6689,Normal,101.5,57.6,22050.6,17272.9,808.5
620,2021-10-04 23:32:45,2021-10-05 06:16:08,0.75,0.88,7450,Normal,102.1,62.7,24203.3,19282.0,484.1
621,2021-10-05 23:36:55,2021-10-06 06:05:17,0.77,0.93,7244,Normal,102.6,42.3,23302.1,16932.8,1475.8
622,2021-10-07 00:25:43,2021-10-07 06:17:13,0.68,0.95,9929,Normal,102.6,48.9,21089.8,14973.7,421.8
623,2021-10-08 02:02:16,2021-10-08 07:16:11,0.59,0.89,7225,Normal,101.9,51.6,18835.5,18458.8,376.7
624,2021-10-08 22:13:16,2021-10-09 05:33:37,0.78,0.75,9522,No alarm,102.4,62.7,26420.9,22545.9,528.4
625,2021-10-09 22:56:15,2021-10-10 07:16:17,0.93,0.71,9409,Normal,102.6,53.8,30002.3,26002.0,1100.1
626,2021-10-11 00:02:14,2021-10-11 06:27:33,0.74,0.73,1199,Normal,102.1,47.1,23118.8,20652.8,2466.0
627,2021-10-12 00:26:42,2021-10-12 06:12:09,0.57,0.86,9395,Normal,101.9,74.2,20727.3,18516.4,414.5
628,2021-10-12 23:28:09,2021-10-13 06:27:52,0.75,0.89,6862,Normal,101.7,60.4,25182.5,20313.9,1511.0
629,2021-10-13 23:18:47,2021-10-14 06:12:11,0.76,0.94,8743,Normal,101.2,56.0,24803.9,18189.5,2232.3
630,2021-10-15 00:53:07,2021-10-15 07:51:45,0.79,0.86,9216,Normal,101.2,50.1,25118.0,21266.6,502.4
631,2021-10-16 00:56:47,2021-10-16 07:32:40,0.72,0.89,9346,Normal,101.1,57.0,23753.3,19636.1,475.1
632,2021-10-16 23:19:10,2021-10-17 06:07:51,0.76,0.82,6449,Normal,100.2,52.4,24521.3,21170.1,490.4
633,2021-10-17 23:42:11,2021-10-18 06:05:18,0.67,0.89,4348,Normal,100.5,61.3,22986.5,17546.4,459.7
634,2021-10-18 23:16:50,2021-10-19 06:04:11,0.79,0.89,8276,Normal,100.9,43.6,24440.2,19796.6,488.8
635,2021-10-19 17:36:57,2021-10-19 18:05:09,0.06,0.48,4109,Normal,100.7,0.0,1691.4,1657.6,33.8
636,2021-10-19 23:46:35,2021-10-20 06:20:07,0.69,0.95,2830,Normal,100.8,59.5,23612.3,18968.5,472.2
637,2021-10-20 23:47:38,2021-10-21 06:23:19,0.74,0.96,9181,Normal,101.4,48.9,23741.0,21604.3,474.8
638,2021-10-21 23:44:29,2021-10-22 06:19:39,0.73,0.97,4085,Normal,100.9,52.1,23710.6,19284.6,474.2
639,2021-10-22 23:25:56,2021-10-23 06:22:34,0.82,0.98,5422,Normal,101.2,40.6,24998.1,22081.6,500.0
640,2021-10-23 23:57:58,2021-10-24 05:53:21,0.68,0.96,4060,Normal,101.4,44.9,21323.1,19830.5,639.7
641,2021-10-24 23:14:09,2021-10-25 06:20:23,0.71,0.93,4757,Normal,102.1,64.5,25574.4,19436.6,1619.7
642,2021-10-25 23:19:20,2021-10-26 06:15:10,0.66,0.93,6449,Normal,101.2,72.6,24950.3,17881.1,499.0
643,2021-10-27 00:20:24,2021-10-27 05:42:43,0.61,0.92,4247,Normal,99.5,46.5,19339.6,17534.5,386.8
644,2021-10-28 00:17:57,2021-10-28 06:17:25,0.59,0.93,3643,Normal,101.0,67.4,21568.1,17901.5,431.4
645,2021-10-29 00:24:55,2021-10-29 06:35:55,0.74,0.93,9457,Normal,101.5,38.2,22259.7,19440.1,1558.2
646,2021-10-30 01:54:44,2021-10-30 08:19:12,0.66,0.88,0,Normal,0.0,825.3,23068.3,18454.6,461.4
647,2021-10-30 23:53:32,2021-10-31 06:19:10,0.68,0.79,0,Normal,0.0,463.9,23138.4,18433.6,462.8
648,2021-10-31 23:12:11,2021-11-01 06:28:30,0.79,0.78,0,Normal,0.0,541.1,26178.6,22164.6,523.6
649,2021-11-04 23:12:43,2021-11-05 06:40:18,0.76,0.0,0,Normal,0.0,704.2,26854.6,19859.4,536.7
650,2021-11-11 01:56:30,2021-11-11 06:42:54,0.41,0.0,17626,Normal,102.4,83.5,17184.1,16840.4,343.7
651,2021-11-18 01:43:23,2021-11-18 06:20:55,0.42,0.0,9394,Normal,101.8,23.5,16651.3,13487.6,1831.6
652,2021-11-19 21:31:38,2021-11-20 07:15:39,0.84,0.57,7254,Normal,102.7,141.8,35041.8,30486.4,1284.9
653,2021-11-20 21:25:48,2021-11-21 06:20:47,0.9,0.74,12737,Normal,103.0,102.1,32098.8,28781.9,1711.9
654,2021-11-22 01:37:29,2021-11-22 05:50:17,0.42,0.76,2203,Normal,101.2,71.3,15168.2,12286.3,1719.1
655,2021-11-23 00:10:12,2021-11-23 07:17:32,0.76,0.76,5593,Normal,101.0,86.2,25639.8,22477.6,512.8
656,2021-11-24 00:44:03,2021-11-24 07:09:29,0.63,0.77,4089,Normal,101.7,119.0,23126.1,17498.7,462.5
657,2021-11-25 00:55:30,2021-11-25 07:17:56,0.6,0.89,19573,Normal,101.9,136.0,22945.8,19427.5,458.9
658,2021-11-26 00:34:27,2021-11-26 07:22:57,0.7,0.96,1035,Normal,100.4,101.1,24510.0,20751.8,490.2
659,2021-11-27 00:22:23,2021-11-27 03:22:12,0.31,0.86,8631,Normal,99.5,89.8,10789.5,9063.2,1402.6
660,2021-11-27 06:02:31,2021-11-27 07:16:53,0.16,0.25,0,Normal,100.0,0.0,4462.4,0.0,0.0
661,2021-11-28 01:41:10,2021-11-28 09:38:33,0.65,0.66,2563,No alarm,101.0,175.4,28643.1,26351.7,572.9
662,2021-11-29 00:18:32,2021-11-29 07:15:46,0.69,0.57,6566,Normal,100.9,118.6,25033.8,18441.6,500.7
663,2021-12-01 02:06:32,2021-12-01 08:15:36,0.7,0.73,7438,Normal,101.3,69.9,22144.7,17051.4,738.2
664,2021-12-02 01:10:09,2021-12-02 07:15:57,0.63,0.8,6904,Normal,101.7,101.7,21947.1,16314.0,438.9
665,2021-12-03 00:37:58,2021-12-03 08:04:33,0.76,0.86,4065,Normal,99.7,106.4,26794.9,23758.1,535.9
666,2021-12-06 01:47:26,2021-12-06 08:15:40,0.61,0.89,4365,Normal,102.4,127.7,23294.1,18480.0,465.9
667,2021-12-07 01:49:22,2021-12-07 08:15:47,0.68,1.0,948,Normal,100.7,97.2,23185.3,19862.1,1313.8
668,2021-12-08 01:45:35,2021-12-08 08:30:42,0.74,0.99,8355,Normal,102.1,83.2,24307.4,18635.7,486.1
669,2021-12-09 00:46:05,2021-12-09 07:15:41,0.67,0.93,10674,Normal,101.2,100.9,23376.0,17765.7,467.5
670,2021-12-10 02:59:30,2021-12-10 08:01:03,0.51,0.85,4092,Normal,102.4,108.5,18093.7,14414.6,361.9
671,2021-12-11 01:17:36,2021-12-11 06:12:11,0.38,0.76,3200,Normal,102.0,176.2,17674.6,15376.9,1001.6
672,2021-12-13 01:17:31,2021-12-13 07:03:46,0.64,0.82,5950,Normal,101.8,83.3,20775.7,15858.8,2631.6
673,2021-12-14 01:49:15,2021-12-14 07:27:41,0.61,0.93,4997,Normal,102.0,92.2,20306.5,15500.7,947.6
674,2021-12-15 12:03:21,2021-12-15 12:52:14,0.1,0.16,547,Normal,103.6,0.0,2933.0,0.0,0.0
675,2022-01-03 03:04:20,2022-01-03 09:00:36,0.65,0.0,407,Normal,99.0,84.3,21376.6,16531.3,427.5
676,2022-01-10 02:57:08,2022-01-10 10:15:38,0.76,0.0,709,Normal,101.9,101.6,26310.2,21486.6,964.7
677,2022-01-12 02:49:16,2022-01-12 10:17:54,0.72,0.99,758,Normal,101.3,120.8,26918.2,21803.7,538.4
678,2022-01-13 02:25:21,2022-01-13 07:43:20,0.55,0.87,355,Normal,101.0,102.8,19079.4,13800.8,1144.8
679,2022-01-14 02:54:43,2022-01-14 10:30:35,0.63,0.74,3497,Normal,102.3,159.6,27351.5,22792.9,547.0
680,2022-01-15 02:23:35,2022-01-15 09:18:36,0.68,0.78,3842,Normal,102.1,117.2,24901.8,20004.4,498.0
681,2022-01-17 02:47:36,2022-01-17 10:20:44,0.8,0.87,1022,Normal,101.2,100.7,27188.1,22294.2,543.8
682,2022-01-18 02:52:59,2022-01-18 10:25:51,0.81,0.93,20156,Normal,100.8,95.0,27172.0,19201.5,1268.0
683,2022-01-19 01:37:14,2022-01-19 09:12:41,0.84,0.89,1044,Normal,101.6,86.2,27327.3,23774.7,1275.3
684,2022-01-21 02:41:10,2022-01-21 09:22:39,0.67,0.85,4792,Normal,102.5,113.7,24089.0,21358.9,1043.9
685,2022-01-22 23:59:25,2022-01-23 06:47:25,0.85,0.56,3486,Normal,101.6,48.3,24480.3,19992.2,2366.4
686,2022-01-28 01:36:31,2022-01-28 07:46:58,0.62,0.0,8354,Normal,102.0,110.3,22227.4,20375.2,444.5
687,2022-01-30 00:11:11,2022-01-30 07:20:41,0.8,0.84,1697,Normal,99.8,80.5,25770.6,22849.9,515.4
688,2022-01-30 23:40:21,2022-01-31 06:00:42,0.65,0.85,6311,Normal,102.0,105.2,22821.0,18713.2,2662.5
689,2022-02-01 00:28:40,2022-02-01 06:55:58,0.66,0.85,8690,Normal,103.2,103.6,23237.9,17970.6,1859.0
690,2022-02-02 00:20:08,2022-02-02 07:36:02,0.92,0.88,8859,Normal,103.3,41.2,26154.2,24149.0,523.1
691,2022-02-07 03:30:00,2022-02-07 07:13:09,0.35,0.0,5536,Normal,103.0,76.9,13389.2,10265.1,267.8
692,2022-02-09 00:52:23,2022-02-09 06:47:45,0.64,0.75,5381,Normal,101.1,30.2,21322.9,18195.6,3127.4
693,2022-02-10 01:08:10,2022-02-10 07:30:22,0.68,0.83,9626,Normal,101.2,25.3,22932.3,19110.3,1299.5
694,2022-02-11 03:13:01,2022-02-11 08:52:10,0.58,0.82,7632,Normal,101.3,87.9,20348.5,17160.6,1153.1
695,2022-02-11 23:54:20,2022-02-12 05:49:50,0.65,0.7,8192,Normal,101.1,22.8,21330.4,18202.0,1208.7
696,2022-02-12 06:11:16,2022-02-12 07:16:13,0.14,0.2,0,Normal,100.9,0.0,3897.0,0.0,0.0
697,2022-02-13 00:16:13,2022-02-13 08:02:42,0.85,0.66,12614,Normal,101.8,24.0,27988.9,22111.2,1306.1
698,2022-02-14 02:09:56,2022-02-14 09:01:54,0.74,0.67,4411,Normal,101.3,32.3,24718.2,20268.9,1318.3
699,2022-02-14 16:54:51,2022-02-14 17:46:54,0.1,0.35,6069,Normal,101.8,0.0,3122.5,0.0,0.0
700,2022-02-15 01:08:09,2022-02-15 08:15:25,0.76,0.8,907,Normal,102.7,36.1,25636.0,22132.4,1880.0
701,2022-02-15 13:49:04,2022-02-15 15:30:41,0.19,0.35,4780,Normal,103.3,29.8,6097.2,0.0,0.0
702,2022-02-16 01:51:10,2022-02-16 08:07:41,0.72,0.85,2974,Normal,104.0,15.3,22591.1,17319.8,1355.5
703,2022-02-17 02:12:04,2022-02-17 08:52:56,0.73,0.9,11808,Normal,102.4,25.3,24051.7,19562.1,481.0
704,2022-02-18 01:46:18,2022-02-18 08:17:36,0.72,0.92,9911,Normal,99.8,23.3,23477.4,17216.8,1878.2
705,2022-02-18 08:20:15,2022-02-18 09:01:44,0.09,0.44,0,Normal,99.0,0.0,2488.6,846.1,1642.5
706,2022-02-21 01:19:08,2022-02-21 07:13:05,0.65,-0.54,692,Normal,102.3,20.4,21236.7,15715.2,1982.1
707,2022-02-21 07:14:56,2022-02-21 07:47:06,0.07,-0.56,0,Normal,102.4,0.0,1929.8,0.0,0.0
708,2022-02-22 01:55:59,2022-02-22 07:41:34,0.65,0.17,5087,Normal,102.9,17.4,20734.3,17347.7,1589.6
709,2022-02-23 00:55:17,2022-02-23 07:46:24,0.75,0.91,9290,Normal,101.0,21.5,24666.3,21788.6,1233.3
710,2022-02-24 00:45:17,2022-02-24 07:49:09,0.69,0.93,9795,Normal,102.3,41.4,25432.0,20599.9,3984.3
711,2022-02-25 02:56:21,2022-02-25 09:45:16,0.52,0.85,8236,Normal,102.8,85.7,24535.5,19873.7,490.7
712,2022-02-26 00:44:39,2022-02-26 06:15:22,0.44,0.72,2380,Normal,102.6,88.0,19843.7,16801.0,1389.1
713,2022-02-27 01:26:01,2022-02-27 07:34:03,0.49,0.67,5786,Normal,101.9,92.5,22082.2,18549.1,809.7
714,2022-02-28 01:13:41,2022-02-28 07:17:47,0.56,0.77,7983,Normal,101.4,67.7,21845.8,17331.0,1602.0
715,2022-03-01 01:01:21,2022-03-01 07:50:59,0.57,0.91,9039,Normal,102.6,89.9,24578.5,19908.6,491.6
716,2022-03-02 00:37:34,2022-03-02 07:32:26,0.58,0.95,7918,Normal,101.0,95.1,24891.5,21074.8,497.8
717,2022-03-03 00:36:44,2022-03-03 07:50:05,0.67,0.95,8050,Normal,100.9,74.4,26001.0,20194.1,2426.8
718,2022-03-04 01:38:00,2022-03-04 07:50:05,0.55,0.94,8133,Normal,102.9,87.0,22325.7,17935.0,1488.4
719,2022-03-04 23:48:59,2022-03-05 07:54:52,0.76,0.91,13678,Normal,103.0,71.9,29152.7,23030.6,1166.1
720,2022-03-06 00:40:08,2022-03-06 07:54:52,0.68,0.9,9191,Normal,102.5,74.6,26084.0,20258.6,521.7
721,2022-03-07 01:22:28,2022-03-07 08:00:33,0.59,0.9,9870,Normal,100.8,88.4,23885.2,20063.6,1990.4
722,2022-03-08 00:56:05,2022-03-08 07:49:51,0.65,0.94,6866,Normal,99.9,75.9,24825.6,19943.2,1324.0
723,2022-03-09 00:17:10,2022-03-09 08:00:33,0.64,0.94,8358,Normal,102.2,107.8,27803.4,24652.4,1575.5
724,2022-03-10 01:47:57,2022-03-10 08:00:33,0.56,0.92,9824,Normal,101.6,87.6,22356.0,19077.2,447.1
725,2022-03-11 01:02:35,2022-03-11 08:51:58,0.73,0.89,7264,Normal,101.9,80.8,28163.0,23469.2,2065.3
726,2022-03-12 02:48:07,2022-03-12 06:39:14,0.37,0.8,5419,Normal,100.5,77.5,13866.8,10122.8,1617.8
727,2022-03-13 03:10:30,2022-03-13 09:00:29,0.54,0.79,12287,Normal,99.9,83.0,20999.8,17009.8,980.0
728,2022-03-13 23:27:11,2022-03-14 07:34:08,0.82,0.72,13545,Normal,102.2,64.2,29216.6,25905.4,973.9
729,2022-03-14 23:53:12,2022-03-15 09:17:54,0.88,0.74,10896,Normal,102.4,71.7,33882.1,27557.4,677.6
730,2022-03-16 02:38:40,2022-03-16 08:56:38,0.6,0.71,7267,Normal,101.9,78.1,22678.3,20108.1,453.6
731,2022-03-18 01:01:57,2022-03-18 09:05:47,0.63,0.8,4174,Normal,101.1,123.2,29029.5,26803.9,580.6
732,2022-03-19 00:49:24,2022-03-19 07:31:15,0.68,0.85,18082,Normal,101.5,66.8,24110.6,20092.2,482.2
733,2022-03-20 01:19:38,2022-03-20 08:18:43,0.51,0.87,4886,Normal,101.3,142.7,25145.0,21959.9,670.5
734,2022-03-21 00:49:00,2022-03-21 09:00:35,0.67,0.88,4230,Normal,101.8,123.9,29495.8,26153.0,589.9
735,2022-03-22 00:30:41,2022-03-22 01:03:14,0.07,0.48,5644,Normal,102.0,0.0,1952.8,0.0,0.0
736,2022-03-22 01:03:34,2022-03-22 07:45:45,0.35,0.89,0,Normal,102.0,247.2,24131.2,22120.2,482.6
737,2022-03-23 00:39:28,2022-03-23 07:45:25,0.58,0.91,4479,Normal,101.4,148.0,25556.5,21552.7,511.1
738,2022-03-24 02:32:28,2022-03-24 08:49:27,0.55,0.87,230,Normal,102.0,127.0,22619.4,18397.1,452.4
739,2022-03-25 00:43:18,2022-03-25 08:45:45,0.72,0.85,12911,Normal,101.0,121.2,28946.3,24411.4,578.9
740,2022-03-26 00:52:14,2022-03-26 08:56:17,0.75,0.86,4561,Normal,100.9,110.7,29042.8,23137.4,580.9
741,2022-03-27 12:14:02,2022-03-27 13:53:03,0.19,0.25,4751,Normal,99.7,25.7,5941.4,0.0,0.0
742,2022-03-27 20:30:27,2022-03-28 06:18:02,0.92,0.69,3268,Normal,100.0,77.8,35255.6,31612.6,1880.3
743,2022-03-29 01:38:45,2022-03-29 10:15:20,0.77,0.33,9025,Normal,101.2,123.2,30994.9,27275.5,619.9
744,2022-03-30 00:33:15,2022-03-30 08:56:05,0.81,0.52,7426,Normal,101.8,98.4,30170.5,25946.6,804.5
745,2022-04-03 00:51:21,2022-04-03 07:46:08,0.68,0.0,5958,Normal,101.2,91.9,24886.5,22149.0,497.7
746,2022-04-04 00:04:50,2022-04-04 07:16:58,0.7,0.89,10540,Normal,100.6,98.7,25927.5,19618.5,518.6
747,2022-04-05 00:15:07,2022-04-05 07:19:32,0.62,0.94,5359,Normal,101.4,134.1,25465.2,21475.7,3989.6
748,2022-04-06 00:43:49,2022-04-06 07:30:36,0.68,0.94,8467,Normal,101.6,85.9,24407.3,20583.5,650.9
749,2022-04-07 01:58:03,2022-04-07 08:57:48,0.75,0.9,7830,Normal,101.3,63.1,25184.9,21491.1,2014.8
750,2022-04-08 01:21:25,2022-04-08 08:21:27,0.75,0.87,11681,Normal,100.5,61.8,25201.7,17473.2,1764.1
751,2022-04-10 22:36:43,2022-04-11 06:16:42,0.82,0.6,4861,Normal,100.8,63.4,27598.5,21526.8,2207.9
752,2022-04-12 01:51:04,2022-04-12 08:02:32,0.62,0.58,9959,Normal,101.3,87.8,22288.8,20060.0,445.8
753,2022-04-13 01:40:02,2022-04-13 10:27:36,0.88,0.68,12391,Normal,101.7,85.8,31653.9,29543.6,633.1
754,2022-04-15 02:16:26,2022-04-15 10:18:30,0.82,0.86,5202,Normal,101.4,79.5,28924.2,26031.8,578.5
755,2022-04-16 00:40:39,2022-04-16 03:21:29,0.28,0.61,12487,Normal,101.5,77.3,9650.1,6787.2,193.0
756,2022-04-16 03:22:06,2022-04-16 08:01:19,0.53,0.83,0,Normal,101.3,38.4,16753.5,13849.6,335.1
757,2022-04-17 01:15:32,2022-04-17 08:16:03,0.71,0.76,15473,Normal,101.0,81.5,25230.5,20184.4,504.6
758,2022-04-18 01:44:19,2022-04-18 08:47:33,0.76,0.81,15647,Normal,102.4,61.2,25394.2,20569.3,1269.7
759,2022-04-19 01:42:59,2022-04-19 08:47:33,0.65,0.91,9968,Normal,101.5,110.8,25474.1,20039.6,509.5
760,2022-04-20 01:06:30,2022-04-20 08:30:47,0.78,0.95,9973,Normal,101.1,70.4,26656.8,23458.0,1954.8
761,2022-04-21 00:37:24,2022-04-21 08:56:40,0.89,0.95,8160,Normal,103.2,64.5,29956.5,25463.0,2995.6
762,2022-04-22 00:53:07,2022-04-22 07:31:58,0.72,0.9,7396,Normal,102.4,57.3,23931.1,18746.0,3589.7
763,2022-04-24 01:16:22,2022-04-24 08:20:10,0.8,0.88,443,Normal,102.4,41.6,25427.5,20935.3,1949.4
764,2022-04-25 00:19:26,2022-04-25 08:16:27,0.8,0.91,4062,Normal,102.3,84.5,28621.0,24137.0,4484.0
765,2022-04-25 23:21:47,2022-04-26 07:30:41,0.81,0.89,7645,Normal,102.2,86.2,29334.6,25618.9,3715.7
766,2022-04-27 00:09:32,2022-04-27 07:00:45,0.65,0.89,7786,Normal,101.0,100.4,24672.8,20396.2,4276.6
767,2022-04-29 01:49:14,2022-04-29 08:48:17,0.73,0.8,8289,Normal,101.2,70.5,25143.1,19276.4,1676.2
768,2022-04-29 22:04:52,2022-04-29 22:38:04,0.07,0.12,4171,Normal,101.6,0.0,1992.0,0.0,0.0
769,2022-04-29 23:59:11,2022-04-30 06:49:19,0.74,0.7,0,Normal,101.6,61.6,24607.7,19440.1,492.2
770,2022-05-02 00:07:09,2022-05-02 07:48:44,0.81,0.79,6750,Normal,101.8,67.8,27694.5,23909.6,553.9
771,2022-05-03 02:49:10,2022-05-03 07:31:37,0.53,0.83,5547,Normal,102.0,45.8,16947.4,12936.5,1016.8
772,2022-05-04 01:14:45,2022-05-04 10:22:38,0.8,0.69,9201,Normal,101.9,120.1,32873.0,30791.0,657.5
773,2022-05-05 01:01:14,2022-05-05 08:15:41,0.72,0.73,11101,Normal,101.4,86.8,26067.4,22591.7,521.3
774,2022-05-06 01:38:54,2022-05-06 09:06:31,0.8,0.77,3548,Normal,101.5,63.8,26857.0,20590.4,1790.5
775,2022-05-07 01:58:37,2022-05-07 09:45:24,0.76,0.87,14410,Normal,101.1,90.9,28006.7,25579.5,560.1
776,2022-05-09 02:19:49,2022-05-09 08:47:08,0.68,0.9,3379,Normal,102.2,70.8,23239.0,16887.0,464.8
777,2022-05-09 09:09:10,2022-05-09 10:15:49,0.14,0.17,0,Normal,102.5,0.0,3999.0,0.0,0.0
778,2022-05-10 00:38:50,2022-05-10 08:00:32,0.73,0.84,8925,Normal,102.8,87.7,26501.8,22968.3,1148.4
779,2022-05-14 00:21:54,2022-05-14 07:30:55,0.82,0.0,2944,Normal,102.0,39.1,25741.7,23768.2,514.8
780,2022-05-16 01:01:12,2022-05-16 06:55:23,0.7,0.9,3869,Normal,100.7,27.7,21250.9,19409.2,425.0
781,2022-05-16 13:46:24,2022-05-16 14:40:05,0.11,0.16,2785,Normal,100.3,0.0,3221.3,0.0,0.0
782,2022-05-22 00:59:05,2022-05-22 08:41:31,0.81,0.0,5812,Normal,101.5,69.6,27745.6,24508.7,554.9
783,2022-05-23 00:50:54,2022-05-23 08:31:05,0.49,0.97,821,Normal,101.3,203.1,27611.8,23930.2,552.2
784,2022-05-24 01:08:14,2022-05-24 08:40:26,0.63,0.97,15443,Normal,102.4,139.0,27132.5,25052.4,542.7
785,2022-05-26 00:18:37,2022-05-26 08:26:39,0.75,0.94,8267,Normal,102.7,114.2,29282.2,22742.5,585.6
786,2022-05-27 00:44:15,2022-05-27 08:16:06,0.68,0.93,11922,Normal,101.7,119.9,27110.4,21417.2,542.2
787,2022-05-28 01:01:33,2022-05-28 08:20:05,0.84,0.96,13168,Normal,100.7,39.2,26312.4,22804.1,1491.0
788,2022-05-29 00:17:53,2022-05-29 07:17:28,0.71,0.92,8933,Normal,101.0,80.6,25175.3,22489.9,1258.8
789,2022-05-29 23:43:14,2022-05-30 07:30:28,0.73,0.92,11159,Normal,101.8,107.6,28033.3,22800.5,3364.0
790,2022-05-31 00:15:52,2022-05-31 07:17:46,0.8,0.91,1042,Normal,101.1,41.9,25313.7,19407.2,2109.5
791,2022-05-31 07:18:04,2022-05-31 08:09:17,0.11,0.46,0,Normal,101.1,0.0,3073.6,0.0,0.0
792,2022-05-31 23:19:10,2022-06-01 07:17:48,0.65,0.93,11352,Normal,101.7,148.6,28718.0,23836.0,574.4
793,2022-06-03 01:07:35,2022-06-03 08:01:06,0.61,0.86,13463,Normal,100.8,125.3,24810.9,20179.5,496.2
794,2022-06-06 01:51:58,2022-06-06 09:18:13,0.74,0.83,7361,Normal,101.4,90.0,26774.3,23650.6,535.5
795,2022-06-07 00:17:22,2022-06-07 07:15:40,0.65,0.7,6655,Normal,101.6,109.3,25098.2,22253.7,502.0
796,2022-06-07 22:50:18,2022-06-08 07:00:34,0.83,0.78,3748,Normal,101.5,85.7,29415.4,24316.8,3627.9
797,2022-06-08 07:00:38,2022-06-08 09:00:28,0.18,0.36,0,Normal,101.0,127.2,7189.7,0.0,0.0
798,2022-06-09 00:00:36,2022-06-09 08:32:08,0.86,0.78,6038,Normal,101.0,87.2,30692.1,28339.0,613.8
799,2022-06-10 01:40:43,2022-06-10 09:22:19,0.77,0.81,3585,Normal,100.5,87.6,27696.2,20402.9,553.9
800,2022-06-11 00:42:27,2022-06-11 08:13:11,0.76,0.8,9773,Normal,101.1,85.4,27043.7,21274.4,1081.7
801,2022-06-12 01:08:13,2022-06-12 10:11:04,0.96,0.8,0,Normal,0.0,506.9,32570.7,27902.3,651.4
802,2022-06-12 23:15:20,2022-06-13 06:29:16,0.72,0.72,6946,Normal,101.3,91.4,26036.5,19614.2,4165.8
803,2022-06-13 23:41:24,2022-06-14 06:22:13,0.75,0.76,4338,Normal,101.0,48.9,24048.1,18116.2,4168.3
804,2022-06-14 23:55:18,2022-06-15 06:16:18,0.72,0.82,3648,Normal,101.2,45.2,22859.5,18821.0,2514.5
805,2022-06-16 00:16:37,2022-06-16 07:16:58,0.78,0.94,8963,Normal,102.1,53.1,25220.6,19083.6,2774.3
806,2022-06-17 00:33:51,2022-06-17 08:29:42,0.82,0.91,6864,Normal,101.2,77.1,28551.0,25886.2,571.0
807,2022-06-17 23:10:31,2022-06-18 06:52:59,0.79,0.84,0,Normal,0.0,637.4,27748.9,20996.7,555.0
808,2022-06-18 23:24:09,2022-06-19 07:31:35,0.84,0.85,0,Normal,0.0,606.6,29245.1,26515.5,584.9
